site,维度,经度
北京・海淀区・白石桥,39.94,116.33
北京・西城区・西四,39.92,116.37
北京・朝阳区・望京,40.00,116.47
北京・昌平区・天通苑,40.08,116.41
北京・西城区・广内大街,39.89,116.36
北京・海淀区・清河,40.04,116.31
北京・海淀区・中关村,39.99,116.32
北京・昌平区・立水桥,40.06,116.41
北京・朝阳区・望京,40.00,116.47
北京・西城区・新街口,39.94,116.37
北京・朝阳区・小红门,39.83,116.46
北京・朝阳区・望京,40.00,116.47
北京・朝阳区・劲松,39.88,116.46
北京・朝阳区・大望路,39.91,116.48
北京・朝阳区・798,39.99,116.49
北京・东城区・建国门内,39.91,116.42
北京・海淀区・西北旺,40.05,116.25
北京・海淀区・中关村,39.99,116.32
北京・西城区・西直门,39.94,116.35
北京・昌平区・北七家,40.11,116.43
北京・朝阳区・望京,40.00,116.47
北京・朝阳区・左家庄,39.95,116.45
北京・朝阳区・三元桥,39.96,116.45
北京・大兴区・亦庄,39.80,116.51
北京・朝阳区・东大桥,39.92,116.45
北京・海淀区・上地,40.03,116.32
北京・西城区・西单,39.91,116.38
北京・丰台区・北大地,39.86,116.28
北京・朝阳区・酒仙桥,39.97,116.49
北京・海淀区・万寿路,39.91,116.29
北京・丰台区・刘家窑,39.86,116.42
北京・顺义区・央美博艺艺术馆,40.15,116.52
北京・通州区・新华大街,39.91,116.66
北京・海淀区・西二旗,40.05,116.31
北京・丰台区・看丹桥,39.84,116.29
北京・海淀区・双榆树,39.97,116.32
北京・丰台区・科技园区,39.82,116.30
北京・昌平区・回龙观,40.06,116.32
北京・海淀区・万寿路,39.91,116.29
北京・海淀区・清河,40.04,116.31
北京・海淀区・公主坟,39.91,116.31
北京・海淀区・清河,40.04,116.31
北京・朝阳区・呼家楼,39.92,116.46
北京,39.89,116.32
北京・海淀区・知春路,39.98,116.33
北京・顺义区・后沙峪,40.10,116.54
北京・海淀区・魏公村,39.96,116.32
北京・朝阳区・立水桥,40.05,116.41
北京・海淀区・西北旺,40.05,116.25
北京・海淀区・马连洼,40.03,116.27
北京・海淀区・中关村,39.99,116.32
北京・朝阳区・望京,40.00,116.47
北京・海淀区・航天桥,39.92,116.31
北京・朝阳区・三里屯,39.94,116.46
北京・海淀区・中关村,39.99,116.32
北京・朝阳区・798,39.99,116.49
北京・昌平区・回龙观,40.06,116.32
北京・海淀区・北下关,39.94,116.35
北京,39.89,116.32
北京・朝阳区・安贞,39.97,116.40
北京・丰台区・大红门,39.83,116.40
北京・海淀区・五道口,39.99,116.34
北京・朝阳区・大山子,39.98,116.49
北京・海淀区・上地,40.03,116.32
北京・海淀区・上地,40.03,116.32
北京・海淀区・中关村,39.99,116.32
北京・丰台区・菜户营,39.87,116.34
北京,39.89,116.32
北京・朝阳区・十里堡,39.92,116.50
北京・西城区・西直门,39.94,116.35
北京・朝阳区・望京,40.00,116.47
北京,39.89,116.32
北京・朝阳区・高碑店,39.90,116.53
北京・东城区・安定门,39.95,116.41
北京,39.89,116.32
北京・大兴区・西红门,39.79,116.33
北京,39.89,116.32
北京・朝阳区・左家庄,39.95,116.45
北京・朝阳区・三元桥,39.96,116.45
北京・西城区・动物园,39.94,116.34
北京・朝阳区・四惠,39.91,116.50
北京・海淀区・学院路,39.99,116.35
北京・大兴区・亦庄,39.80,116.51
北京・朝阳区・姚家园,39.95,116.52
北京・海淀区・中关村,39.99,116.32
北京・朝阳区・国贸,39.91,116.46
北京・海淀区・公主坟,39.91,116.31
北京・海淀区・清河,40.04,116.31
北京・朝阳区・酒仙桥,39.97,116.49
北京・房山区・阎村,39.72,116.09
北京・海淀区・西北旺,40.05,116.25
北京・朝阳区・高碑店,39.90,116.53
北京・朝阳区・双井,39.89,116.46
北京・海淀区・上地,40.03,116.32
北京・海淀区・学院路,39.99,116.35
北京・海淀区・清河,40.04,116.31
北京・海淀区・上地,40.03,116.32
北京・朝阳区・安贞,39.97,116.40
北京・朝阳区・望京,40.00,116.47
北京・朝阳区・国贸,39.91,116.46
北京・朝阳区・北沙滩,40.01,116.37
北京・朝阳区・望京,40.00,116.47
北京・朝阳区・望京,40.00,116.47
北京・朝阳区・太阳宫,39.97,116.45
北京・东城区・和平里,39.96,116.42
北京・海淀区・知春路,39.98,116.33
北京,39.89,116.32
北京・海淀区・西北旺,40.05,116.25
北京・朝阳区・酒仙桥,39.97,116.49
北京・顺义区・仁和,40.10,116.68
北京・朝阳区・鸟巢,39.99,116.40
北京・西城区・金融街,39.91,116.36
北京・西城区・什刹海,39.94,116.39
北京・西城区・宣武门,39.90,116.37
北京・朝阳区・将台路,39.97,116.49
北京・朝阳区・农业展览馆,39.94,116.46
北京・丰台区・科技园区,39.82,116.30
北京・昌平区・天通苑,40.08,116.41
北京・海淀区・颐和园,40.00,116.28
北京・东城区・东直门,39.94,116.43
北京・海淀区・人民大学,39.97,116.31
北京・海淀区・苏州街,39.98,116.31
北京・朝阳区・国贸,39.91,116.46
北京・海淀区・马连洼,40.03,116.27
北京・门头沟区・永定,39.90,116.12
北京・大兴区・亦庄,39.80,116.51
北京・西城区・西便门,39.90,116.35
北京・朝阳区・二外,39.91,116.56
北京・朝阳区・常营,39.93,116.60
北京・丰台区・科技园区,39.82,116.30
北京・顺义区・后沙峪,40.10,116.54
北京・朝阳区・望京,40.00,116.47
北京・海淀区・西北旺,40.05,116.25
北京・海淀区・中关村,39.99,116.32
北京・朝阳区・管庄,39.90,116.60
北京・海淀区・上地,40.03,116.32
北京,39.89,116.32
北京・海淀区・上地,40.03,116.32
北京,39.89,116.32
北京・朝阳区・甘露园,39.92,116.52
北京・海淀区・知春路,39.98,116.33
北京・朝阳区・安贞,39.97,116.40
北京・海淀区・西北旺,40.05,116.25
北京・朝阳区・朝阳门,39.92,116.43
北京・海淀区・西北旺,40.05,116.25
北京・海淀区・双榆树,39.97,116.32
北京・丰台区・宋家庄,39.85,116.43
北京・丰台区・丽泽,39.87,116.33
北京・顺义区・马坡,40.17,116.63
北京,39.89,116.32
北京・海淀区・中关村,39.99,116.32
北京・海淀区・上地,40.03,116.32
北京・朝阳区・水立方,39.99,116.39
北京・西城区・阜成门,39.92,116.36
北京・海淀区・中关村,39.99,116.32
北京・海淀区・中关村,39.99,116.32
北京・朝阳区・望京,40.00,116.47
北京・朝阳区・亮马桥,39.95,116.46
北京・大兴区・马驹桥,39.73,116.46
北京・海淀区・清河,40.04,116.31
北京・朝阳区・国贸,39.91,116.46
北京・朝阳区・朝阳大悦城,39.92,116.52
北京・朝阳区・高碑店,39.90,116.53
北京・朝阳区・望京,40.00,116.47
北京・朝阳区・朝外,39.92,116.44
北京・昌平区・回龙观,40.06,116.32
北京・朝阳区・百子湾,39.89,116.50
北京・朝阳区・东坝,39.95,116.56
北京・海淀区・西北旺,40.05,116.25
北京・朝阳区・四惠东,39.91,116.52
北京・西城区・百万庄,39.93,116.34
北京・顺义区・后沙峪,40.10,116.54
北京・海淀区・四季青,39.95,116.28
北京・海淀区・马连洼,40.03,116.27
北京・东城区・和平里,39.96,116.42
北京・昌平区・天通苑,40.08,116.41
北京・海淀区・中关村,39.99,116.32
北京・海淀区・北太平庄,39.97,116.37
北京・海淀区・上地,40.03,116.32
北京・东城区・东单,39.91,116.42
北京・朝阳区・慈云寺,39.92,116.49
北京・海淀区・公主坟,39.91,116.31
北京・朝阳区・酒仙桥,39.97,116.49
北京・朝阳区・高碑店,39.90,116.53
北京・昌平区・沙河,40.15,116.29
北京・丰台区・花乡,39.83,116.32
北京・东城区・和平里,39.96,116.42
北京・海淀区・西北旺,40.05,116.25
北京・丰台区・六里桥,39.88,116.31
北京・朝阳区・亚运村,39.99,116.41
北京・朝阳区・高碑店,39.90,116.53
北京・西城区・白纸坊,39.88,116.36
北京・通州区・九棵树,39.89,116.66
北京・海淀区・中关村,39.99,116.32
北京・石景山区・永乐,39.90,116.23
北京・朝阳区・望京,40.00,116.47
北京・海淀区・上地,40.03,116.32
北京・海淀区・万柳,39.97,116.30
北京・大兴区・亦庄,39.80,116.51
北京・海淀区・人民大学,39.97,116.31
北京・海淀区・花园桥,39.93,116.31
北京・朝阳区・国贸,39.91,116.46
北京・昌平区・立水桥,40.06,116.41
北京・海淀区・知春路,39.98,116.33
北京・海淀区・西北旺,40.05,116.25
北京・朝阳区・酒仙桥,39.97,116.49
北京・昌平区・西三旗,40.06,116.33
北京・通州区・九棵树,39.89,116.66
北京・海淀区・双榆树,39.97,116.32
北京・朝阳区・工体,39.93,116.45
北京・昌平区・二拨子村,40.08,116.30
北京・丰台区・科技园区,39.82,116.30
北京・东城区・东直门,39.94,116.43
北京・海淀区・西北旺,40.05,116.25
北京・朝阳区・太阳宫,39.97,116.45
北京・朝阳区・国贸,39.91,116.46
北京・朝阳区・望京,40.00,116.47
北京・海淀区・牡丹园,39.98,116.37
北京・朝阳区・东坝,39.95,116.56
北京・海淀区・西北旺,40.05,116.25
北京・大兴区・亦庄,39.80,116.51
北京・朝阳区・燕莎,39.88,116.49
北京・朝阳区・安贞,39.97,116.40
北京,39.89,116.32
北京・朝阳区・善各庄,40.03,116.48
北京・朝阳区・三元桥,39.96,116.45
北京・丰台区・科技园区,39.82,116.30
北京・东城区・北京站,39.90,116.43
北京・石景山区・金顶街,39.93,116.17
北京・海淀区・五道口,39.99,116.34
北京・海淀区・清河,40.04,116.31
北京・顺义区・光明,40.13,116.66
北京・西城区・金融街,39.91,116.36
北京・朝阳区・和平街,39.96,116.43
北京・朝阳区・亚运村,39.99,116.41
北京,39.89,116.32
北京・朝阳区・安贞,39.97,116.40
北京,39.89,116.32
北京・朝阳区・对外经贸,39.98,116.43
北京・海淀区・中关村,39.99,116.32
上海・浦东新区・金桥,31.25,121.60
上海・闵行区・虹桥,31.19,121.32
上海・浦东新区・张江,31.20,121.61
上海・浦东新区・金桥,31.25,121.60
上海・浦东新区・张江,31.20,121.61
上海・浦东新区・花木,31.21,121.54
上海・浦东新区・张江,31.20,121.61
上海・闵行区・虹桥,31.19,121.32
上海・静安区・汶水路,31.29,121.45
上海・浦东新区・陆家嘴,31.24,121.50
上海・普陀区・长征,31.24,121.38
上海・浦东新区・迪士尼,31.16,121.67
上海・杨浦区・东外滩,31.27,121.56
上海・虹口区・大柏树,31.29,121.48
上海・长宁区・中山公园,31.22,121.42
上海・浦东新区・塘桥,31.21,121.52
上海・嘉定区・江桥,31.24,121.32
上海・徐汇区・徐家汇,31.19,121.44
上海・浦东新区・陆家嘴,31.24,121.50
上海・嘉定区・安亭,31.29,121.16
上海・黄浦区・人民广场,31.23,121.48
上海・杨浦区・东外滩,31.27,121.56
上海・宝山区・大华,31.27,121.41
上海・徐汇区・漕河泾,31.17,121.42
上海・长宁区・仙霞,31.21,121.38
上海・长宁区・北新泾,31.22,121.37
上海・杨浦区・五角场,31.30,121.51
上海・普陀区・桃浦,31.28,121.35
上海・杨浦区・东外滩,31.27,121.56
上海・长宁区・中山公园,31.22,121.42
上海・浦东新区・张江,31.20,121.61
上海・长宁区・新华路,31.20,121.42
上海,31.26,121.40
上海・徐汇区・徐家汇,31.19,121.44
上海・浦东新区・张江,31.20,121.61
上海,31.26,121.40
上海・浦东新区・临港,30.89,121.91
上海・普陀区・长征,31.24,121.38
上海・松江区・新桥,31.07,121.32
上海,31.26,121.40
上海・浦东新区・张江,31.20,121.61
上海・长宁区・中山公园,31.22,121.42
上海・浦东新区・塘桥,31.21,121.52
上海・静安区・南京西路,31.23,121.46
上海・闵行区・浦江,31.08,121.52
上海・徐汇区・漕河泾,31.17,121.42
上海・普陀区・长风,31.22,121.40
上海・浦东新区・张江,31.20,121.61
上海・徐汇区・漕河泾,31.17,121.42
上海・浦东新区・金桥,31.25,121.60
上海・浦东新区・三林,31.14,121.51
上海・浦东新区・三林,31.14,121.51
上海・浦东新区・陆家嘴,31.24,121.50
上海・浦东新区・陆家嘴,31.24,121.50
上海・浦东新区・北蔡,31.18,121.55
上海・浦东新区・三林,31.14,121.51
上海・普陀区・长寿路,31.24,121.44
上海・宝山区・高境,31.32,121.48
上海・宝山区・淞南,31.34,121.49
上海・徐汇区・田林,31.17,121.41
上海・徐汇区・龙华,31.17,121.45
上海・普陀区・桃浦,31.28,121.35
上海・虹口区・周家嘴路,31.26,121.50
上海・虹口区・周家嘴路,31.26,121.50
上海・闵行区・浦江,31.08,121.52
上海・浦东新区・张江,31.20,121.61
上海,31.26,121.40
上海・闵行区・浦江,31.08,121.52
上海・黄浦区・打浦桥,31.21,121.47
上海・浦东新区・世纪公园,31.22,121.55
上海・徐汇区・徐家汇,31.19,121.44
上海,31.26,121.40
上海・浦东新区・康桥,31.13,121.57
上海・静安区・火车站,31.19,121.32
上海・长宁区・古北,31.20,121.40
上海・浦东新区・张江,31.20,121.61
上海・浦东新区・张江,31.20,121.61
上海・徐汇区・龙华,31.17,121.45
上海・浦东新区・世纪公园,31.22,121.55
上海・闵行区・莘庄,31.11,121.38
上海・普陀区・长风,31.22,121.40
上海・黄浦区・淮海路,31.22,121.47
上海・普陀区・光新,31.25,121.43
上海・长宁区・仙霞,31.21,121.38
上海・长宁区・仙霞,31.21,121.38
上海・浦东新区・张江,31.20,121.61
上海・浦东新区・张江,31.20,121.61
上海・浦东新区・源深,31.23,121.54
上海・杨浦区・五角场,31.30,121.51
上海・静安区・彭浦镇,31.29,121.43
上海・嘉定区・江桥,31.24,121.32
上海・长宁区・北新泾,31.22,121.37
上海,31.26,121.40
上海・浦东新区・周浦,31.11,121.58
上海・静安区・曹家渡,31.23,121.44
上海・嘉定区・江桥,31.24,121.32
上海・长宁区・仙霞,31.21,121.38
上海・黄浦区・外滩,31.23,121.49
上海・长宁区・北新泾,31.22,121.37
上海・闵行区・虹桥,31.19,121.32
上海・浦东新区・曹路,31.27,121.67
上海・宝山区・庙行,31.33,121.44
上海・闵行区・梅陇,31.12,121.41
上海・徐汇区・田林,31.17,121.41
上海・浦东新区・陆家嘴,31.24,121.50
上海・浦东新区・张江,31.20,121.61
上海・浦东新区・张江,31.20,121.61
上海・浦东新区・金桥,31.25,121.60
上海・杨浦区・五角场,31.30,121.51
上海・闵行区・静安新城,31.16,121.38
上海・浦东新区・张江,31.20,121.61
上海・浦东新区・金桥,31.25,121.60
上海・浦东新区・唐镇,31.21,121.66
上海・闵行区・南方商城,31.13,121.40
上海・杨浦区・东外滩,31.27,121.56
上海・闵行区・七宝,31.15,121.36
上海・浦东新区・张江,31.20,121.61
上海・徐汇区・康健,31.16,121.42
上海・普陀区・武宁,31.23,121.43
上海・长宁区・仙霞,31.21,121.38
上海・杨浦区・新江湾城,31.33,121.51
上海・嘉定区・嘉定镇,31.38,121.25
上海・浦东新区・张江,31.20,121.61
上海・徐汇区・田林,31.17,121.41
上海・浦东新区・御桥,31.16,121.57
上海,31.26,121.40
上海・黄浦区・人民广场,31.23,121.48
上海・杨浦区・延吉,31.28,121.53
上海・虹口区・曲阳,31.28,121.49
上海・徐汇区・徐家汇,31.19,121.44
上海・杨浦区・五角场,31.30,121.51
上海・长宁区・新华路,31.20,121.42
上海・闵行区・南方商城,31.13,121.40
上海・长宁区・北新泾,31.22,121.37
上海・浦东新区・塘桥,31.21,121.52
上海・浦东新区・唐镇,31.21,121.66
上海・长宁区・仙霞,31.21,121.38
上海・浦东新区・陆家嘴,31.24,121.50
上海・浦东新区・张江,31.20,121.61
上海・闵行区・莘庄,31.11,121.38
上海・浦东新区・联洋,31.23,121.56
上海・杨浦区・东外滩,31.27,121.56
上海・浦东新区・金桥,31.25,121.60
上海・浦东新区・陆家嘴,31.24,121.50
上海・闵行区・莘庄,31.11,121.38
上海・浦东新区・张江,31.20,121.61
上海・闵行区・浦江,31.08,121.52
上海・浦东新区・张江,31.20,121.61
上海・徐汇区・龙华,31.17,121.45
上海・闵行区・虹桥,31.19,121.32
上海・徐汇区・田林,31.17,121.41
上海・嘉定区・丰庄,31.25,121.36
上海・徐汇区・田林,31.17,121.41
上海・徐汇区・衡山路,31.20,121.45
上海・静安区・汶水路,31.29,121.45
上海・徐汇区・漕河泾,31.17,121.42
上海・徐汇区・漕河泾,31.17,121.42
上海・徐汇区・漕河泾,31.17,121.42
上海・徐汇区・龙华,31.17,121.45
上海・静安区・曹家渡,31.23,121.44
上海・浦东新区・金桥,31.25,121.60
上海・静安区・海宁路,31.25,121.47
上海・浦东新区,31.22,121.54
上海・浦东新区・世博,31.18,121.49
上海・黄浦区・新天地,31.22,121.47
上海・浦东新区・金桥,31.25,121.60
上海・闵行区・华漕,31.23,121.30
上海・浦东新区・张江,31.20,121.61
上海・徐汇区・漕河泾,31.17,121.42
上海・闵行区・龙柏,31.18,121.37
上海・虹口区・临平路,31.26,121.50
上海・松江区・中山,31.01,121.23
上海・浦东新区・张江,31.20,121.61
上海・普陀区・长征,31.24,121.38
上海・徐汇区・徐家汇,31.19,121.44
上海・浦东新区・陆家嘴,31.24,121.50
上海・闵行区・七宝,31.15,121.36
上海・闵行区・春申,31.11,121.41
上海・松江区・泗泾,31.11,121.28
上海・普陀区・真如,31.25,121.41
上海,31.26,121.40
上海・嘉定区・嘉定镇,31.38,121.25
上海・黄浦区・新天地,31.22,121.47
上海・杨浦区・黄兴公园,31.29,121.53
上海・杨浦区・中原,31.32,121.53
上海・浦东新区・张江,31.20,121.61
上海・浦东新区・八佰伴,31.23,121.52
上海・闵行区・七宝,31.15,121.36
上海・长宁区・江苏路,31.22,121.43
上海・闵行区・七宝,31.15,121.36
上海・普陀区・曹杨,31.24,121.41
上海・杨浦区・延吉,31.28,121.53
上海・浦东新区・陆家嘴,31.24,121.50
上海・静安区・大宁,31.27,121.45
上海・嘉定区・封浜,31.26,121.30
上海・徐汇区・龙华,31.17,121.45
上海・浦东新区・张江,31.20,121.61
上海・闵行区・七宝,31.15,121.36
上海・浦东新区・康桥,31.13,121.57
上海・静安区・大宁,31.27,121.45
上海・长宁区・古北,31.20,121.40
上海・静安区・南京西路,31.23,121.46
上海・浦东新区・曹路,31.27,121.67
上海・静安区・火车站,31.19,121.32
上海・闵行区・虹桥,31.19,121.32
上海・浦东新区・金桥,31.25,121.60
上海・杨浦区・东外滩,31.27,121.56
上海・虹口区・四川北路,31.25,121.48
上海・浦东新区・张江,31.20,121.61
上海・宝山区・上海大学,31.32,121.39
上海・浦东新区・张江,31.20,121.61
上海・静安区・大宁,31.27,121.45
上海・宝山区・庙行,31.33,121.44
上海,31.23,121.49
上海・浦东新区・周浦,31.11,121.58
上海・静安区・火车站,31.19,121.32
上海,31.23,121.49
上海・普陀区・长风,31.22,121.40
上海・杨浦区・东外滩,31.27,121.56
上海・嘉定区・南翔,31.30,121.32
上海・嘉定区・嘉定镇,31.38,121.25
上海・浦东新区・唐镇,31.21,121.66
上海・浦东新区・周浦,31.11,121.58
上海・徐汇区・漕河泾,31.17,121.42
上海・杨浦区・五角场,31.30,121.51
上海・浦东新区・张江,31.20,121.61
上海・奉贤区・金汇,30.99,121.50
上海・浦东新区・陆家嘴,31.24,121.50
上海・黄浦区・新天地,31.22,121.47
上海,31.23,121.47
上海・浦东新区・张江,31.20,121.61
上海・闵行区・梅陇,31.12,121.41
上海・徐汇区,31.19,121.44
上海・嘉定区・安亭,31.29,121.16
上海・浦东新区・陆家嘴,31.24,121.50
上海・普陀区・长风,31.22,121.40
上海・浦东新区・北蔡,31.18,121.55
上海・浦东新区・塘桥,31.21,121.52
上海・浦东新区・张江,31.20,121.61
上海・徐汇区・龙华,31.17,121.45
上海・浦东新区・联洋,31.23,121.56
上海・宝山区・淞南,31.34,121.49
上海・闵行区・漕宝路,31.16,121.37
上海・嘉定区・安亭,31.29,121.16
上海・浦东新区・张江,31.20,121.61
上海・闵行区・虹桥,31.19,121.32
上海・闵行区・莘庄,31.11,121.38
上海・杨浦区・五角场,31.30,121.51
上海・浦东新区・张江,31.20,121.61
上海・杨浦区・中原,31.32,121.53
上海・浦东新区・陆家嘴,31.24,121.50
上海・杨浦区・五角场,31.30,121.51
上海,31.23,121.47
上海・黄浦区・淮海路,31.22,121.47
上海・静安区・汶水路,31.29,121.45
上海・闵行区・华漕,31.23,121.30
上海・松江区・九亭,31.14,121.32
上海・浦东新区・临港,30.89,121.91
上海・宝山区・淞南,31.34,121.49
上海・浦东新区・张江,31.20,121.61
上海・徐汇区・龙华,31.17,121.45
上海・浦东新区・金桥,31.25,121.60
上海・长宁区・仙霞,31.21,121.38
上海・普陀区・长风,31.22,121.40
上海・浦东新区・张江,31.20,121.61
上海・浦东新区・张江,31.20,121.61
上海・普陀区・桃浦,31.28,121.35
上海・松江区・泗泾,31.11,121.28
上海・徐汇区・上海南站,31.15,121.43
上海・闵行区・虹桥,31.19,121.32
广州,23.13,113.26
广州・黄埔区・知识城,23.32,113.53
广州・海珠区・琶洲,23.10,113.37
广州,23.13,113.26
广州・黄埔区・科学城,23.17,113.44
广州・天河区・珠江新城,23.12,113.32
广州・番禺区・华南,23.05,113.38
广州・番禺区・大石,23.02,113.32
广州・番禺区・南村,23.01,113.39
广州・黄埔区・中心城,23.16,113.47
广州,23.13,113.26
广州,23.13,113.26
广州,23.13,113.26
广州・越秀区・中华广场,23.13,113.28
广州・番禺区・东环,22.96,113.37
广州・番禺区・大石,23.02,113.32
广州・增城区・荔城,23.29,113.82
广州・海珠区・赤岗,23.10,113.33
广州・海珠区・江南大道,23.10,113.27
广州・天河区・黄村,23.13,113.41
广州・荔湾区・西关,23.12,113.24
广州・天河区・棠下,23.13,113.38
广州・天河区・小新塘,23.16,113.41
广州・海珠区・南洲,23.06,113.30
广州・天河区・五山,23.15,113.35
广州・海珠区・琶洲,23.10,113.37
广州,23.13,113.26
广州・天河区・小新塘,23.16,113.41
广州・黄埔区・科学城,23.17,113.44
广州・天河区・岗顶,23.13,113.34
广州・越秀区・淘金,23.14,113.29
广州・番禺区・洛溪,23.04,113.30
广州・天河区・岑村,23.17,113.38
广州・海珠区・赤岗,23.10,113.33
广州・番禺区・万达,23.01,113.35
广州・海珠区・琶洲,23.10,113.37
广州・天河区・东圃,23.13,113.41
广州・天河区,23.12,113.36
广州・天河区・岗顶,23.13,113.34
广州・黄埔区,23.18,113.48
广州・黄埔区・科学城,23.17,113.44
广州・越秀区・东湖,23.12,113.29
广州・番禺区・钟村,22.97,113.32
广州・黄埔区・中心城,23.16,113.47
广州・天河区・天河北,23.14,113.33
广州・天河区・小新塘,23.16,113.41
广州・天河区・天河公园,23.13,113.37
广州・番禺区・番禺广场,22.94,113.39
广州・番禺区・南村,23.01,113.39
广州・海珠区・赤岗,23.10,113.33
广州,23.13,113.26
广州・天河区・棠下,23.13,113.38
广州・天河区・黄村,23.13,113.41
广州・海珠区・琶洲,23.10,113.37
广州・越秀区・东风东,23.13,113.31
广州,23.13,113.26
广州・海珠区・新港西路沿线,23.07,113.29
广州・黄埔区・科学城,23.17,113.44
广州・南沙区・金洲,22.80,113.54
广州・天河区・沙河,23.16,113.31
广州・天河区・华景新城,23.14,113.36
广州・天河区・高唐,23.19,113.41
广州・天河区・珠江新城,23.12,113.32
广州・番禺区・番禺广场,22.94,113.39
广州・花都区・花山,23.44,113.27
广州・白云区・龙归,23.28,113.31
广州・南沙区・南沙区府,22.80,113.53
广州・海珠区・赤岗,23.10,113.33
广州・天河区・东圃,23.13,113.41
广州・天河区・珠江新城,23.12,113.32
广州・海珠区・琶洲,23.10,113.37
广州・海珠区・琶洲,23.10,113.37
广州・天河区・棠下,23.13,113.38
广州・海珠区・琶洲,23.10,113.37
广州・天河区・车陂,23.12,113.40
广州・越秀区・中华广场,23.13,113.28
广州・增城区・新塘广场,23.12,113.61
广州・番禺区・石楼,22.97,113.48
广州・番禺区・东环,22.96,113.37
广州・天河区・龙口,23.14,113.34
广州・天河区・跑马场,23.12,113.35
广州・天河区・元岗,23.17,113.34
广州・天河区・东圃,23.13,113.41
广州・香洲区・唐家湾,22.36,113.55
广州・番禺区・大石,23.02,113.32
广州・天河区・天河公园,23.13,113.37
广州・天河区・长兴,23.17,113.36
广州・天河区・车陂,23.12,113.39
广州・番禺区・市桥,22.94,113.36
广州,23.13,113.26
广州・天河区・小新塘,23.16,113.41
广州・黄埔区・科学城,23.17,113.44
广州・花都区・铁路西,23.36,113.20
广州・黄埔区・东圃,23.11,113.40
广州・天河区・珠江新城,23.12,113.32
广州・海珠区・赤岗,23.10,113.33
广州・海珠区・滨江路沿线,23.07,113.27
广州・白云区・元岗,23.18,113.33
广州・天河区・珠江新城,23.12,113.32
广州・白云区・永泰,23.22,113.31
广州・越秀区・人民北路,23.14,113.26
广州,23.13,113.26
广州・黄埔区・科学城,23.17,113.44
广州・黄埔区・科学城,23.17,113.44
广州,23.13,113.26
广州・越秀区・环市东,23.14,113.29
广州・海珠区・琶洲,23.10,113.37
广州・越秀区・建设路,23.13,113.28
广州・黄埔区・科学城,23.17,113.44
广州・天河区・跑马场,23.12,113.35
广州・天河区・猎德,23.12,113.33
广州・番禺区・华南,23.05,113.38
广州・天河区・龙口,23.14,113.34
广州・天河区・棠下,23.13,113.38
广州・天河区・车陂,23.12,113.39
广州・黄埔区・中心城,23.16,113.47
广州・越秀区・五羊新城,23.12,113.31
广州・番禺区・大学城,23.05,113.39
广州・天河区・东站,23.15,113.32
广州・黄埔区・南岗,23.10,113.54
广州・天河区・五山,23.15,113.35
广州・天河区・天河北,23.14,113.33
广州・荔湾区・坑口,23.08,113.23
广州・越秀区・水荫,23.14,113.31
广州・黄埔区・科学城,23.17,113.44
广州・荔湾区・芳村,23.10,113.24
广州・天河区・棠下,23.13,113.38
广州・天河区・跑马场,23.12,113.35
广州,23.13,113.26
广州・海珠区・江南大道,23.10,113.27
广州,23.13,113.26
广州・番禺区・长隆,23.00,113.32
广州・海珠区・赤岗,23.09,113.33
广州・番禺区・大学城,23.05,113.39
广州・番禺区・钟村,22.97,113.32
广州・天河区・天河公园,23.13,113.37
广州・海珠区・琶洲,23.10,113.37
广州・花都区・炭步,23.34,113.11
广州・天河区・珠江新城,23.12,113.32
广州・海珠区・琶洲,23.10,113.37
广州・越秀区・建设,23.13,113.28
广州・天河区・天平架,23.16,113.32
广州・越秀区・天河北,23.14,113.31
广州・天河区・龙口,23.14,113.34
广州・天河区・小新塘,23.16,113.41
广州・白云区・嘉禾,23.23,113.28
广州・天河区・珠江新城,23.12,113.32
广州・天河区・五山,23.15,113.35
广州・黄埔区・文冲,23.10,113.47
广州・荔湾区・东i,23.06,113.25
广州・天河区・车陂,23.12,113.40
广州・海珠区・琶洲,23.10,113.37
广州・黄埔区・科学城,23.17,113.44
广州・天河区・珠江新城,23.12,113.32
广州・黄埔区・科学城,23.17,113.44
广州・白云区・太和,23.30,113.35
广州・番禺区・钟村,22.97,113.32
广州・番禺区・大学城,23.05,113.39
广州,23.13,113.26
广州・黄埔区・科学城,23.17,113.44
广州・南沙区・金洲,22.80,113.54
广州・天河区・东圃,23.13,113.41
广州・白云区・机场路,23.16,113.26
广州・天河区・天河公园,23.13,113.37
广州・越秀区・建设,23.13,113.28
广州・花都区・莲塘,23.39,113.25
广州・黄埔区・东圃,23.11,113.40
广州・天河区・跑马场,23.12,113.35
广州・番禺区・华南,23.05,113.38
广州・黄埔区・荔联,23.11,113.55
广州・海珠区・广州大道南,23.08,113.31
广州・黄埔区・科学城,23.17,113.44
广州・海珠区・赤岗,23.09,113.33
广州・海珠区・琶洲,23.10,113.37
广州・天河区・东圃,23.13,113.41
广州・海珠区,23.08,113.32
广州・海珠区・琶洲,23.10,113.37
广州・海珠区・赤岗,23.09,113.33
广州・天河区・猎德,23.12,113.33
广州・天河区・华景新城,23.14,113.36
广州・天河区・猎德,23.12,113.33
广州・南沙区・金洲,22.80,113.54
广州・越秀区・东风东,23.13,113.31
广州・越秀区・黄花岗,23.14,113.30
广州・海珠区・赤岗,23.09,113.33
广州・越秀区・沿江路,23.11,113.28
广州・天河区・珠江新城,23.12,113.32
广州・海珠区・新港西路沿线,23.07,113.29
广州・番禺区・华南,23.05,113.38
广州・白云区・机场路,23.16,113.26
广州・天河区・龙洞,23.20,113.37
广州・黄埔区・科学城,23.17,113.44
广州・黄埔区・科学城,23.17,113.44
广州・白云区・白云大道,23.20,113.29
广州・番禺区・大石,23.02,113.32
广州・番禺区・长隆,23.00,113.32
广州・黄埔区・科学城,23.17,113.44
广州・海珠区・琶洲,23.10,113.37
广州・天河区・天河公园,23.13,113.37
广州・天河区・天河公园,23.13,113.37
广州・白云区・机场路,23.16,113.26
广州・番禺区・华南,23.05,113.38
广州・天河区・小新塘,23.16,113.41
广州・黄埔区・科学城,23.17,113.44
广州・海珠区・琶洲,23.10,113.37
广州・天河区・小新塘,23.16,113.41
广州・海珠区・华洲,23.07,113.35
广州・花都区・建设北路,23.40,113.21
广州・天河区・车陂,23.12,113.40
广州・天河区・天园,23.12,113.38
广州・番禺区・大学城,23.05,113.39
广州・天河区・珠江新城,23.12,113.32
广州・越秀区・北京路,23.12,113.27
广州・南沙区・黄阁,22.82,113.52
广州・天河区・珠江新城,23.12,113.32
广州・增城区・新塘广场,23.12,113.61
广州・海珠区・新港西路沿线,23.07,113.29
广州・黄埔区・荔联,23.11,113.55
广州・越秀区・北京路,23.12,113.27
广州・番禺区・南村,23.01,113.39
广州・天河区・员村,23.12,113.36
广州・黄埔区・文冲,23.10,113.47
广州・白云区・机场路,23.16,113.26
广州・番禺区・长隆,23.00,113.32
广州・海珠区・工业大道,23.07,113.28
广州・白云区・江高,23.28,113.22
广州・黄埔区・中心城,23.16,113.47
广州・增城区・中新,23.29,113.62
广州・天河区・高唐,23.19,113.41
广州・天河区・五山,23.15,113.35
广州・越秀区・东风东,23.13,113.31
广州・白云区・三元里,23.16,113.27
广州・黄埔区・大沙,23.11,113.45
广州・天河区・珠江新城,23.12,113.32
广州・番禺区・市桥,22.94,113.36
广州・越秀区・北京路,23.12,113.27
广州・天河区・棠下,23.13,113.38
广州・天河区・岗顶,23.13,113.34
广州・白云区・嘉禾,23.23,113.28
广州・黄埔区・科学城,23.17,113.44
广州・黄埔区・万达广场,23.17,113.47
广州・越秀区・东风东,23.13,113.31
广州・天河区・棠下,23.13,113.38
广州・越秀区・麓湖公园,23.15,113.28
广州・海珠区・赤岗,23.09,113.33
广州・天河区・长兴,23.17,113.36
广州・海珠区・客村,23.10,113.32
广州・荔湾区・黄沙,23.11,113.24
广州・番禺区・长隆,23.00,113.32
广州・白云区・嘉禾,23.23,113.28
广州・天河区・冼村,23.13,113.33
广州・南沙区・金洲,22.80,113.54
广州・番禺区・洛溪,23.04,113.30
广州,23.13,113.26
广州・天河区・天河公园,23.13,113.37
广州・番禺区・长隆,23.00,113.32
广州・黄埔区・大沙,23.11,113.45
广州・海珠区・琶洲,23.10,113.37
广州・天河区・东圃,23.13,113.41
广州・番禺区・祈福,22.97,113.33
广州・天河区・燕岭,23.16,113.33
广州・天河区・猎德,23.12,113.33
广州,23.13,113.26
广州・荔湾区・芳村,23.10,113.24
广州・黄埔区・科学城,23.17,113.44
广州・番禺区・市桥,22.94,113.36
广州・越秀区・北京路,23.12,113.27
广州・黄埔区・大沙,23.11,113.45
广州・越秀区・东风中路,23.13,113.27
广州,23.13,113.26
深圳・福田区・华强南,22.54,114.09
深圳・龙岗区・坂田,22.63,114.07
深圳・坪山区・竹坑,22.72,114.40
深圳・南山区・海岸城,22.52,113.94
深圳・龙岗区・坂田,22.63,114.07
深圳・南山区・科技园,22.56,113.95
深圳・福田区・华强北,22.55,114.09
深圳・南山区・深圳湾,22.50,113.95
深圳・南山区・科技园,22.56,113.95
深圳・南山区・科技园,22.56,113.95
深圳・南山区・科技园,22.56,113.95
深圳・福田区・保税区,22.51,114.06
深圳・福田区・华强北,22.55,114.09
深圳・南山区・前海,22.52,113.88
深圳・南山区・科技园,22.56,113.95
深圳・南山区・蛇口,22.49,113.93
深圳・南山区・科技园,22.56,113.95
深圳・南山区・大学城,22.58,113.97
深圳・南山区・科技园,22.56,113.95
深圳,22.54,114.06
深圳・宝安区・西乡,22.58,113.88
深圳・南山区・海岸城,22.52,113.94
深圳・宝安区・福永,22.68,113.81
深圳・龙岗区・坂田,22.63,114.07
深圳・南山区・南头,22.55,113.92
深圳・南山区・科技园,22.56,113.95
深圳・宝安区・西乡,22.58,113.88
深圳・龙岗区・坂田,22.63,114.07
深圳・南山区・西丽,22.58,113.95
深圳・福田区・车公庙,22.54,114.03
深圳・南山区・科技园,22.56,113.95
深圳・宝安区・福永,22.68,113.81
深圳・罗湖区・国贸,22.54,114.12
深圳・南山区・蛇口,22.49,113.93
深圳・南山区・科技园,22.56,113.95
深圳・福田区・新洲,22.52,114.05
深圳・福田区・华强北,22.55,114.09
深圳・南山区・西丽,22.58,113.95
深圳・南山区・科技园,22.56,113.95
深圳・南山区・西丽,22.58,113.95
深圳・南山区・深圳湾,22.50,113.95
深圳・罗湖区・黄贝,22.55,114.14
深圳・龙华区・观澜,22.72,114.05
深圳・南山区・科技园,22.56,113.95
深圳・南山区・科技园,22.56,113.95
深圳・南山区・科技园,22.56,113.95
深圳・南山区・科技园,22.56,113.95
深圳・南山区・科技园,22.56,113.95
深圳・龙岗区・坂田,22.63,114.07
深圳・福田区・景田,22.55,114.04
深圳・宝安区・西乡,22.58,113.88
深圳・南山区・后海,22.52,113.94
深圳・南山区・科技园,22.56,113.95
深圳・南山区・科技园,22.56,113.95
深圳・南山区・科技园,22.56,113.95
深圳・南山区・科技园,22.56,113.95
深圳・龙华区・民治,22.62,114.04
深圳・福田区・华强南,22.54,114.09
深圳・龙岗区・布吉,22.61,114.13
深圳・龙岗区・坂田,22.63,114.07
深圳・南山区・西丽,22.58,113.95
深圳・南山区・科技园,22.56,113.95
深圳・南山区・科技园,22.56,113.95
深圳・南山区・科技园,22.56,113.95
深圳・福田区・车公庙,22.54,114.03
深圳・南山区・西丽,22.58,113.95
深圳・南山区・南头,22.55,113.92
深圳・宝安区・西乡,22.58,113.88
深圳・南山区・科技园,22.56,113.95
深圳・南山区・后海,22.52,113.94
深圳・福田区・华强北,22.55,114.09
深圳・龙岗区・坂田,22.63,114.07
深圳・南山区・蛇口,22.49,113.93
深圳・南山区・科技园,22.56,113.95
深圳・南山区・南头,22.55,113.92
深圳,22.54,114.06
深圳・南山区・海上世界,22.48,113.92
深圳・宝安区・西乡,22.58,113.88
深圳・南山区・科技园,22.56,113.95
深圳・南山区・科技园,22.56,113.95
深圳・南山区・前海,22.52,113.88
深圳・南山区・科技园,22.56,113.95
深圳・宝安区・福永,22.68,113.81
深圳・福田区・梅林,22.57,114.04
深圳・南山区・科技园,22.56,113.95
深圳・宝安区・宝安中心区,22.56,113.89
深圳・南山区・海岸城,22.52,113.94
深圳・南山区・大学城,22.58,113.97
深圳・龙岗区・坂田,22.63,114.07
深圳・宝安区・宝安中心区,22.56,113.89
深圳・南山区・科技园,22.56,113.95
深圳・南山区・科技园,22.56,113.95
深圳・南山区・科技园,22.56,113.95
深圳・龙岗区・大运,22.69,114.23
深圳・南山区・科技园,22.56,113.95
深圳・南山区・海岸城,22.52,113.94
深圳,22.54,114.06
深圳・福田区・保税区,22.51,114.06
深圳・福田区・梅林,22.57,114.04
深圳・龙华区・民治,22.62,114.04
深圳・宝安区・福永,22.68,113.81
深圳・龙岗区・坂田,22.63,114.07
深圳・宝安区・新安,22.55,113.89
深圳・南山区・科技园,22.56,113.95
深圳・龙岗区・坂田,22.63,114.07
深圳・福田区・梅林,22.57,114.06
深圳・福田区・车公庙,22.54,114.03
深圳・南山区・科技园,22.56,113.95
深圳・福田区・沙头,22.52,114.03
深圳・南山区・科技园,22.56,113.95
深圳・福田区・华强北,22.55,114.09
深圳・福田区・车公庙,22.54,114.03
深圳・南山区・深圳湾,22.50,113.95
深圳・龙华区・龙华,22.70,114.04
深圳・龙华区・龙华,22.70,114.04
深圳・福田区・香蜜湖,22.55,114.03
深圳・宝安区・西乡,22.58,113.88
深圳・南山区・科技园,22.56,113.95
深圳・龙岗区・坂田,22.63,114.07
深圳・坪山区・坪山,22.71,114.35
深圳・福田区・车公庙,22.54,114.03
深圳・龙岗区・横岗,22.64,114.21
深圳・龙岗区・大运,22.69,114.23
深圳・龙岗区・横岗,22.64,114.21
深圳・宝安区・沙井,22.72,113.83
深圳・龙华区・龙华,22.70,114.04
深圳・龙华区・大浪,22.67,114.00
深圳・南山区・科技园,22.56,113.95
深圳・宝安区・福永,22.68,113.81
深圳・龙岗区・坂田,22.63,114.07
深圳・南山区・科技园,22.56,113.95
深圳・南山区・科技园,22.56,113.95
深圳・宝安区・新安,22.55,113.89
深圳・龙岗区・坂田,22.63,114.07
深圳・南山区・蛇口,22.49,113.93
深圳・龙华区・观澜,22.72,114.05
深圳・南山区・海岸城,22.52,113.94
深圳・龙岗区・坂田,22.63,114.07
深圳・宝安区・新安,22.55,113.89
深圳・福田区・华强南,22.54,114.09
深圳・龙华区・观澜,22.72,114.05
深圳・南山区・科技园,22.56,113.95
深圳・福田区・车公庙,22.54,114.03
深圳・福田区・新洲,22.52,114.05
深圳・宝安区・沙井,22.72,113.83
深圳・福田区・车公庙,22.54,114.03
深圳・福田区・黄木岗,22.56,114.09
深圳・南山区・科技园,22.56,113.95
深圳・南山区・科技园,22.56,113.95
深圳・南山区・海岸城,22.52,113.94
深圳・宝安区・西乡,22.58,113.88
深圳・福田区・会展中心,22.53,114.06
深圳・光明区・光明,22.75,113.94
深圳・福田区・梅林,22.57,114.06
深圳・宝安区・西乡,22.58,113.88
深圳・福田区・华强北,22.55,114.09
深圳・宝安区・福永,22.68,113.81
深圳・南山区・科技园,22.56,113.95
深圳・南山区・海岸城,22.52,113.94
深圳・龙华区・观澜,22.72,114.05
深圳・南山区・科技园,22.56,113.95
深圳・龙华区・龙华,22.70,114.04
深圳・南山区・科技园,22.56,113.95
深圳・龙华区・龙华,22.70,114.04
深圳・宝安区・新安,22.55,113.89
深圳・龙岗区・坂田,22.63,114.07
深圳・南山区・科技园,22.56,113.95
深圳・南山区・科技园,22.56,113.95
深圳・南山区・科技园,22.56,113.95
深圳・宝安区,22.55,113.88
深圳,22.54,114.06
深圳・龙华区・民治,22.62,114.04
深圳・南山区・蛇口,22.49,113.93
深圳・宝安区・西乡,22.58,113.88
深圳・南山区・深圳湾,22.50,113.95
深圳・南山区・后海,22.52,113.94
深圳・南山区・科技园,22.56,113.95
深圳・福田区・岗厦,22.53,114.07
深圳・宝安区・桃源居,22.62,113.86
深圳・南山区・科技园,22.56,113.95
深圳・宝安区・固戍,22.60,113.85
深圳・南山区・南山中心,22.52,113.94
深圳・南山区・科技园,22.56,113.95
深圳・南山区・科技园,22.56,113.95
深圳・龙华区・大浪,22.67,114.00
深圳・罗湖区・园岭,22.55,114.10
深圳,22.54,114.06
深圳・福田区・福田保税区,22.51,114.04
深圳・宝安区・西乡,22.58,113.88
深圳・福田区・福田保税区,22.51,114.04
深圳・龙岗区・坂田,22.63,114.07
深圳・福田区・新洲,22.52,114.05
深圳・福田区・车公庙,22.54,114.03
深圳・南山区・深圳湾,22.50,113.95
深圳・光明区・圳美,22.79,113.95
深圳・宝安区・宝安机场,22.62,113.81
深圳・福田区・梅林,22.57,114.04
深圳・南山区・科技园,22.56,113.95
深圳・福田区・景田,22.55,114.04
深圳・福田区・会展中心,22.53,114.06
深圳・龙华区・深圳北站,22.61,114.03
深圳・南山区・科技园,22.56,113.95
深圳・龙岗区・坂田,22.63,114.07
深圳・南山区・科技园,22.56,113.95
深圳・南山区・西丽,22.58,113.95
深圳・龙华区・龙华,22.70,114.04
深圳・南山区・西丽,22.58,113.95
深圳・龙华区・观澜,22.72,114.05
深圳・罗湖区・笋岗,22.56,114.11
深圳・龙岗区・坂田,22.63,114.07
深圳・南山区・南头,22.55,113.92
深圳・宝安区・新安,22.55,113.89
深圳・南山区・科技园,22.56,113.95
深圳・南山区・科技园,22.56,113.95
深圳・南山区・南头,22.55,113.92
深圳・福田区・车公庙,22.54,114.03
深圳・龙岗区・平湖,22.68,114.13
深圳・罗湖区・国贸,22.54,114.12
深圳・南山区・科技园,22.56,113.95
深圳・福田区・会展中心,22.53,114.06
深圳・南山区・科技园,22.56,113.95
深圳・龙华区・龙华,22.70,114.04
深圳・宝安区・西乡,22.58,113.88
深圳・南山区・西丽,22.58,113.95
深圳・南山区・西丽,22.58,113.95
深圳・龙华区・龙华,22.70,114.04
深圳・南山区・大冲,22.54,113.95
深圳・福田区・华强南,22.54,114.09
深圳・福田区・梅林,22.57,114.06
深圳・宝安区・新安,22.55,113.89
深圳・龙华区・龙华,22.70,114.04
深圳・罗湖区・莲塘,22.56,114.17
深圳・福田区・车公庙,22.54,114.03
深圳・龙岗区・坂田,22.63,114.07
深圳・南山区・科技园,22.56,113.95
深圳・福田区・园岭,22.56,114.10
深圳・福田区・下沙,22.53,114.02
深圳・龙华区・龙华,22.70,114.04
深圳・龙华区・民治,22.62,114.04
深圳・福田区・购物公园,22.54,114.05
深圳・龙华区・龙华,22.70,114.04
深圳・南山区・科技园,22.56,113.95
深圳・龙华区・民治,22.62,114.04
深圳・南山区・科技园,22.56,113.95
深圳・南山区・科技园,22.56,113.95
深圳・罗湖区・国贸,22.54,114.12
深圳・宝安区・沙井,22.72,113.83
深圳・宝安区・新安,22.55,113.89
深圳・龙华区・民治,22.62,114.04
深圳,22.54,114.06
深圳・龙岗区・坂田,22.63,114.07
深圳・南山区・科技园,22.56,113.95
深圳・福田区・梅林,22.57,114.04
深圳・龙华区・龙华,22.70,114.04
深圳・盐田区・沙头角,22.56,114.23
深圳・南山区・科技园,22.56,113.95
深圳・福田区・沙尾村,22.52,114.04
深圳・南山区・科技园,22.56,113.95
深圳・龙岗区・坂田,22.63,114.07
深圳・南山区・前海,22.52,113.88
深圳・南山区・科技园,22.56,113.95
深圳・福田区・车公庙,22.54,114.03
深圳・龙岗区・李朗聚星商城,22.64,114.13
深圳・南山区・西丽,22.58,113.95
深圳・宝安区・西乡,22.58,113.88
深圳・南山区・海岸城,22.52,113.94
深圳・龙岗区・坂田,22.63,114.07
深圳・宝安区・福永,22.68,113.81
深圳・南山区・科技园,22.56,113.95
深圳・龙岗区・坂田,22.63,114.07
杭州,30.25,120.21
杭州・西湖区・古荡,30.27,120.11
杭州・西湖区・西溪,40.05,116.60
杭州・余杭区・仓前,30.29,119.99
杭州・余杭区・五常,30.30,120.04
杭州・余杭区・五常,30.30,120.04
杭州・余杭区・仓前,30.29,119.99
杭州・余杭区・五常,30.30,120.04
杭州・西湖区・文二路,30.28,120.12
杭州・余杭区・仓前,30.29,119.99
杭州・西湖区・西湖,30.13,120.13
杭州・滨江区・长河,30.20,120.19
杭州・上城区・火车东站,30.29,120.21
杭州・余杭区・未来科技城,30.29,120.00
杭州・西湖区・文二路,30.28,120.12
杭州・西湖区・文新,30.29,120.10
杭州・余杭区・西溪,30.24,119.98
杭州・西湖区・西溪,40.05,116.60
杭州・西湖区・转塘,30.16,120.08
杭州・西湖区・三墩,30.32,120.09
杭州・西湖区・古荡,30.27,120.11
杭州・西湖区・古荡,30.27,120.11
杭州・滨江区・滨江区政府,30.21,120.21
杭州・上城区・城站,30.24,120.18
杭州・余杭区・五常,30.30,120.04
杭州,30.25,120.21
杭州・余杭区・五常,30.30,120.04
杭州・西湖区・翠苑,39.67,116.11
杭州・余杭区・五常,30.30,120.04
杭州・萧山区・北干,30.18,120.27
杭州・滨江区・浦沿,30.17,120.15
杭州・临平区・临平,30.42,120.30
杭州・西湖区・转塘,30.16,120.08
杭州・西湖区・西溪,40.05,116.60
杭州・滨江区・长河,30.20,120.19
杭州・余杭区・仓前,30.29,119.99
杭州,30.25,120.21
杭州・西湖区・文二路,30.28,120.12
杭州・西湖区・西溪,40.05,116.60
杭州・余杭区・五常,30.30,120.04
杭州・余杭区・五常,30.30,120.04
杭州・钱塘区・高沙商业街,30.32,120.34
杭州,30.25,120.21
杭州・余杭区・五常,30.30,120.04
杭州・余杭区・西溪,30.24,119.98
杭州・余杭区・五常,30.30,120.04
杭州・西湖区・文二路,30.28,120.12
杭州・余杭区・未来科技城,30.29,120.00
杭州・滨江区・长河,30.20,120.19
杭州・西湖区・古荡,30.27,120.11
杭州・西湖区・转塘,30.16,120.08
杭州・滨江区・浦沿,30.17,120.15
杭州・钱塘区・下沙,30.32,120.34
杭州・萧山区・国际机场,30.23,120.43
杭州・临平区・东湖,30.44,120.31
杭州・余杭区・五常,30.30,120.04
杭州・滨江区・长河,30.20,120.19
杭州・西湖区・黄龙,30.27,120.13
杭州・滨江区・滨江区政府,30.21,120.21
杭州・西湖区・古荡,30.27,120.11
杭州・余杭区・五常,30.30,120.04
杭州・余杭区・五常,30.30,120.04
杭州・余杭区・五常,30.30,120.04
杭州・余杭区・仓前,30.29,119.99
杭州・余杭区・五常,30.30,120.04
杭州・萧山区・北干,30.18,120.27
杭州・西湖区・三墩,30.32,120.09
杭州・滨江区・浦沿,30.17,120.15
杭州,30.25,120.21
杭州・滨江区・滨江区政府,30.21,120.21
杭州・西湖区・文三路,30.28,120.15
杭州・西湖区・西溪,40.05,116.60
杭州・上城区・南星,30.22,120.17
杭州・西湖区・古墩路,30.27,120.10
杭州・余杭区・五常,30.30,120.04
杭州・余杭区・仓前,30.29,119.99
杭州・余杭区・未来科技城,30.29,120.00
杭州・西湖区・文三路,30.28,120.15
杭州・滨江区・西兴,30.19,120.22
杭州・拱墅区・上塘,30.32,120.16
杭州・余杭区・五常,30.30,120.04
杭州・滨江区・长河,30.20,120.19
杭州・西湖区・三墩,30.32,120.09
杭州・滨江区・浦沿,30.17,120.15
杭州・萧山区・萧山经济开发区,30.20,120.27
杭州・余杭区・五常,30.30,120.04
杭州・滨江区・西兴,30.19,120.22
杭州・余杭区・仓前,30.29,120.02
杭州・滨江区・长河,30.20,120.19
杭州・余杭区・仓前,30.29,120.02
杭州・西湖区・高新文教区,30.28,120.11
杭州・滨江区・长河,30.20,120.19
杭州・滨江区・星耀城,30.21,120.22
杭州・西湖区・高新文教区,30.28,120.11
杭州・拱墅区・城西银泰城,30.30,120.11
杭州・拱墅区・小河,30.31,120.14
杭州,30.25,120.21
杭州・西湖区・黄龙,30.27,120.13
杭州・上城区・钱江新城,30.25,120.21
杭州・余杭区・五常,30.30,120.04
杭州・西湖区・西溪,40.05,116.60
杭州・余杭区・五常,30.30,120.04
杭州・余杭区・金家渡,30.34,120.08
杭州・西湖区・转塘,30.16,120.08
杭州・滨江区・浦沿,30.17,120.15
杭州・滨江区・长河,30.20,120.19
杭州・西湖区・转塘,30.16,120.08
杭州・上城区・钱江新城,30.25,120.21
杭州・滨江区・长河,30.20,120.19
杭州・钱塘区・高沙商业街,30.32,120.34
杭州・余杭区・五常,30.30,120.04
杭州・临安区・青山,30.24,119.78
杭州・西湖区・黄龙,30.27,120.13
杭州・拱墅区・建国路,30.27,120.18
杭州・余杭区・未来科技城,30.29,120.00
杭州・滨江区・长河,30.20,120.19
杭州・余杭区・五常,30.30,120.04
杭州,30.25,120.21
杭州・余杭区・仓前,30.29,119.99
杭州・余杭区・仓前,30.29,119.99
杭州・西湖区・黄龙,30.27,120.13
杭州,30.25,120.21
杭州・西湖区・转塘,30.16,120.08
杭州・西湖区・西溪,40.05,116.60
杭州・西湖区・西溪,40.05,116.60
杭州・西湖区・文三路,30.28,120.15
杭州・上城区・丁桥,30.35,120.23
杭州・滨江区・长河,30.20,120.19
杭州・萧山区・奥体中心,30.23,120.23
杭州・拱墅区・万达广场,30.33,120.12
杭州・西湖区・西湖,30.13,120.13
杭州・西湖区・西湖,30.13,120.13
杭州・拱墅区・万达广场,30.33,120.12
杭州・余杭区・西溪,30.24,119.98
杭州・滨江区・长河,30.20,120.19
杭州・滨江区・长河,30.20,120.19
杭州,30.25,120.21
杭州・余杭区・五常,30.30,120.04
杭州・滨江区・长河,30.20,120.19
杭州・余杭区・五常,30.30,120.04
杭州・萧山区・北干,30.18,120.27
杭州・上城区・近江,30.23,120.20
杭州・余杭区・五常,30.30,120.04
杭州・拱墅区・上塘,30.32,120.16
杭州・余杭区・仓前,30.29,119.99
杭州・滨江区・长河,30.20,120.19
杭州・滨江区・长河,30.20,120.19
杭州・拱墅区・城西银泰城,30.30,120.11
杭州・余杭区・未来科技城,30.29,120.00
杭州・钱塘区・高沙商业街,30.32,120.34
杭州・余杭区・仓前,30.29,119.99
杭州・西湖区・文新,30.29,120.10
杭州・滨江区・浦沿,30.17,120.15
杭州・萧山区・宁围,30.22,120.28
杭州,30.25,120.21
杭州・滨江区・长河,30.20,120.19
杭州・西湖区・翠苑,39.67,116.11
杭州・滨江区・浦沿,30.17,120.15
杭州・余杭区・西溪,30.24,119.98
杭州・余杭区・仓前,30.29,119.99
杭州・上城区・近江,30.23,120.20
杭州・滨江区・浦沿,30.17,120.15
杭州,30.25,120.21
杭州・西湖区・翠苑,39.67,116.11
杭州・西湖区・古墩路,30.27,120.10
杭州・滨江区・西兴,30.19,120.22
杭州・西湖区・古荡,30.27,120.11
杭州・西湖区・西溪,40.05,116.60
杭州・西湖区・转塘,30.16,120.08
杭州・余杭区・西溪,30.24,119.98
杭州・西湖区・转塘,30.16,120.08
杭州・滨江区・江南,30.18,120.16
杭州・余杭区・五常,30.30,120.04
杭州・余杭区・仓前,30.29,119.99
杭州・萧山区・湘湖,30.13,120.21
杭州,30.25,120.21
杭州・拱墅区・朝晖,30.28,120.17
杭州・西湖区・西湖,30.13,120.13
杭州・余杭区・仓前,30.29,119.99
杭州,30.25,120.21
地址,39.99,116.35
成都・武侯区・孵化园,30.57,104.06
成都・武侯区・石羊场,30.59,104.04
成都・武侯区・孵化园,30.57,104.06
成都・成华区・猛追湾,30.66,104.10
成都,30.57,104.07
成都・武侯区・高升桥,30.64,104.04
成都・武侯区・新会展中心,30.56,104.07
成都・锦江区・柳江,30.60,104.09
成都・锦江区・沙河,30.64,104.12
成都・武侯区・新会展中心,30.56,104.07
成都・武侯区・新会展中心,30.56,104.07
成都・成华区・龙潭,30.71,104.17
成都・武侯区・火车南站,30.61,104.07
成都・金牛区・国宾,30.71,104.01
成都・武侯区・石羊场,30.59,104.04
成都・武侯区・银泰城,30.54,104.06
成都・武侯区・铁像寺,30.56,104.05
成都・金牛区・沙湾,30.69,104.05
成都・武侯区・金融城,30.58,104.08
成都・金牛区・抚琴,30.68,104.04
成都・双流区・华阳,30.50,104.06
成都・双流区・航空港,30.56,103.95
成都・武侯区・新会展中心,30.56,104.07
成都・武侯区・新会展中心,30.56,104.07
成都・武侯区・孵化园,30.57,104.06
成都・武侯区・新会展中心,30.56,104.07
成都・双流区・航空港,30.56,103.95
成都・武侯区・新会展中心,30.56,104.07
成都・武侯区・新会展中心,30.56,104.07
成都・温江区・珠江国际,30.69,103.86
成都・武侯区・大源,30.55,104.05
成都・武侯区,30.64,104.04
成都・武侯区・新会展中心,30.56,104.07
成都・武侯区・新会展中心,30.56,104.07
成都,30.57,104.07
成都・武侯区・高朋大道,30.62,104.04
成都・锦江区・柳江,30.60,104.09
成都・武侯区・新会展中心,30.56,104.07
成都・武侯区・复城国际广场,30.55,104.06
成都・双流区・华阳,30.50,104.06
成都・武侯区・孵化园,30.57,104.06
成都・武侯区,30.64,104.04
成都・武侯区・新会展中心,30.56,104.07
成都・锦江区・万达广场,30.62,104.10
成都・青羊区・黄田坝,30.69,103.97
成都・金牛区・一品天下,30.69,104.02
成都・武侯区・新会展中心,30.56,104.07
成都・武侯区・火车南站,30.61,104.07
成都・武侯区・银泰城,30.54,104.06
成都・武侯区・双楠,30.64,104.02
成都・武侯区・银泰城,30.54,104.06
成都・武侯区・新会展中心,30.56,104.07
成都・郫都区・中海国际,30.72,103.98
成都・武侯区・孵化园,30.57,104.06
成都・郫都区・中海国际,30.72,103.98
成都・武侯区・新会展中心,30.56,104.07
成都・锦江区・春熙路,30.66,104.08
成都・武侯区・神仙树,30.61,104.05
成都・武侯区・新会展中心,30.56,104.07
成都・锦江区・天府广场,30.66,104.07
成都・金牛区・人民北路,30.68,104.07
成都,30.57,104.07
成都・锦江区・柳江,30.60,104.09
成都・武侯区・铁像寺,30.56,104.05
成都・成华区・建设路,30.67,104.11
成都・双流区・益州国际广场,30.53,104.06
成都・武侯区,30.64,104.04
成都・郫都区・高新西,30.73,103.96
成都・武侯区・铁像寺,30.56,104.05
成都,30.57,104.07
成都・双流区・兴隆街道,30.42,104.11
成都・金牛区・茶店子,30.71,104.01
成都・武侯区・石羊场,30.59,104.04
成都・武侯区・火车南站,30.61,104.07
成都・双流区・中和,30.55,104.09
成都・武侯区・新会展中心,30.56,104.07
成都・武侯区・新会展中心,30.56,104.07
成都・新都区・斑竹园,30.82,104.07
成都・武侯区・石羊场,30.59,104.04
成都・武侯区・新会展中心,30.56,104.07
成都・锦江区・琉璃场,30.61,104.10
成都・武侯区,30.64,104.04
成都・武侯区・桂溪,30.61,104.08
成都・青羊区・天府广场,30.66,104.07
成都・武侯区・金融城,30.58,104.08
成都,30.57,104.07
成都・武侯区・孵化园,30.57,104.06
成都・武侯区・新会展中心,30.56,104.07
成都・武侯区・跳伞塔,30.63,104.07
成都・武侯区・神仙树,30.61,104.05
成都・青羊区・府南,30.68,104.02
成都・双流区・蛟龙港,30.61,103.91
成都・武侯区,30.64,104.04
成都・锦江区・红星路,30.66,104.08
成都・青羊区・天府广场,30.66,104.07
成都・锦江区・九眼桥,30.64,104.09
成都・武侯区・新会展中心,30.56,104.07
成都・武侯区・玉林,30.63,104.06
成都・成华区・万年场,30.66,104.12
成都・武侯区・铁像寺,30.56,104.05
成都・双流区・华阳,30.50,104.06
成都・双流区・白家,30.56,104.02
成都・双流区・华阳,30.50,104.06
成都,30.57,104.07
成都・武侯区・新会展中心,30.56,104.07
成都・武侯区・铁像寺,30.56,104.05
成都・武侯区・新会展中心,30.56,104.07
成都・武侯区・新会展中心,30.56,104.07
成都・武侯区・红牌楼,30.63,104.03
成都・郫都区・高新西,30.73,103.96
成都・武侯区・机投,30.65,103.98
成都・武侯区・新会展中心,30.56,104.07
成都・武侯区・银泰城,30.54,104.06
成都・青羊区・蜀汉路,30.70,104.01
成都・双流区・东升,30.57,103.93
成都,30.57,104.07
成都・双流区・华阳,30.50,104.06
成都・武侯区・簇桥,30.61,103.99
成都・青羊区・太升路,30.66,104.08
成都・武侯区・新会展中心,30.56,104.07
成都・郫都区・中海国际,30.72,103.98
成都・武侯区・新会展中心,30.56,104.07
成都・郫都区・高新西,30.73,103.96
成都・双流区・城南优品道广场,40.21,116.24
成都・武侯区・孵化园,30.57,104.06
成都・锦江区・柳江,30.60,104.09
成都・武侯区・新会展中心,30.56,104.07
成都・郫都区・高新西,30.73,103.96
成都・武侯区・孵化园,30.57,104.06
成都・武侯区・保利花园,30.62,103.99
成都・武侯区,30.64,104.04
成都・武侯区・新会展中心,30.56,104.07
成都・锦江区・柳江,30.60,104.09
成都・武侯区・跳伞塔,30.63,104.07
成都・成华区・保和,30.65,104.14
成都,30.57,104.07
成都・武侯区・东苑,30.60,104.00
成都・武侯区・桂溪,30.61,104.08
成都・武侯区・铁像寺,30.56,104.05
成都・成华区・建设路,30.67,104.11
成都・武侯区・新会展中心,30.56,104.07
成都,30.57,104.07
成都・青羊区・天府广场,30.66,104.07
成都・武侯区・新会展中心,30.56,104.07
成都・郫都区・中海国际,30.72,103.98
成都・新都区・新都城区,30.82,104.16
成都・郫都区・郫县城区,30.80,103.88
成都・武侯区・机投,30.65,103.98
成都・武侯区・武侯立交,30.63,104.00
成都・锦江区・合江亭,30.64,104.08
成都・武侯区・火车南站,30.61,104.07
成都・武侯区・伊藤,30.58,104.06
成都・武侯区・石羊场,30.59,104.04
成都・锦江区・琉璃场,30.61,104.10
成都・双流区・华阳,30.50,104.06
成都・双流区・中和,30.55,104.09
成都・武侯区・复城国际广场,30.55,104.06
成都・郫都区・犀浦,30.76,103.97
成都・武侯区・世豪广场,30.55,104.04
成都・武侯区・新会展中心,30.56,104.07
成都・武侯区・孵化园,30.57,104.06
成都・武侯区・新会展中心,30.56,104.07
成都・双流区・华阳,30.50,104.06
成都・武侯区・新会展中心,30.56,104.07
成都・武侯区・金花,30.59,103.97
成都・双流区・华阳,30.50,104.06
成都・武侯区・新会展中心,30.56,104.07
成都・成华区・SM广场,30.67,104.11
成都・武侯区・新会展中心,30.56,104.07
成都・双流区・华阳,30.50,104.06
成都・新都区・新都物流基地,30.79,104.13
成都・武侯区・火车南站,30.61,104.07
成都・武侯区・孵化园,30.57,104.06
成都・武侯区・九眼桥,30.64,104.09
成都・郫都区・郫县城区,30.80,103.88
成都・武侯区・桐梓林,30.61,104.06
成都・武侯区・新会展中心,30.56,104.07
成都・武侯区・桂溪,30.61,104.08
成都・双流区・麓山,30.48,104.09
成都・武侯区・新会展中心,30.56,104.07
成都・武侯区・中和,30.55,104.07
成都・武侯区・银泰城,30.54,104.06
成都・武侯区・孵化园,30.57,104.06
成都・武侯区・环球中心,30.57,104.06
成都・双流区・华阳,30.50,104.06
成都・青羊区・万家湾,30.67,103.96
成都・武侯区・浆洗街,30.65,104.06
成都・温江区・天府,30.70,103.81
成都・武侯区・紫荆,30.62,104.05
成都・武侯区・跳伞塔,30.63,104.07
成都・锦江区・春熙路,30.66,104.08
成都・武侯区・银泰城,30.54,104.06
成都・温江区・涌泉,30.68,103.87
成都・武侯区・孵化园,30.57,104.06
成都・成华区・东郊记忆,30.67,104.12
成都・武侯区・孵化园,30.57,104.06
成都・双流区・双流机场,30.56,103.95
成都・武侯区・新会展中心,30.56,104.07
成都・武侯区・孵化园,30.57,104.06
成都・郫都区・德源镇,30.77,103.86
成都・武侯区・大源,30.55,104.05
成都・郫都区・德源镇,30.77,103.86
成都・锦江区・红星路,30.66,104.08
成都・武侯区・保利花园,30.62,103.99
成都・武侯区・孵化园,30.57,104.06
成都・武侯区・新会展中心,30.56,104.07
成都・武侯区・新会展中心,30.56,104.07
成都・郫都区・高新西,30.73,103.96
成都・双流区・华阳,30.50,104.06
成都・武侯区・铁像寺,30.56,104.05
成都・锦江区・三圣乡,30.57,104.13
成都・郫都区・犀浦,30.76,103.97
成都・武侯区・铁像寺,30.56,104.05
成都・武侯区・新会展中心,30.56,104.07
成都・武侯区・铁像寺,30.56,104.05
成都・武侯区・孵化园,30.57,104.06
成都・崇州市・羊马,30.66,103.75
成都・双流区・华阳,30.50,104.06
成都・郫都区・高新西,30.73,103.96
成都・武侯区・新会展中心,30.56,104.07
成都・武侯区・新会展中心,30.56,104.07
成都・武侯区・新会展中心,30.56,104.07
成都・武侯区・红牌楼,30.63,104.03
成都・武侯区・新会展中心,30.56,104.07
成都・成华区・万象城,30.65,104.12
成都・锦江区・春熙路,30.66,104.08
成都・武侯区・新会展中心,30.56,104.07
成都・武侯区・新会展中心,30.56,104.07
成都・武侯区・高升桥,30.64,104.04
成都・武侯区・孵化园,30.57,104.06
成都・武侯区・银泰城,30.54,104.06
成都・郫都区・高新西,30.73,103.96
成都・武侯区・桂溪,30.61,104.08
成都・武侯区・银泰城,30.54,104.06
成都・武侯区・环球中心,30.57,104.06
成都,30.57,104.07
成都・武侯区・紫荆,30.62,104.05
成都・锦江区・柳江,30.60,104.09
成都・成华区・圣灯,30.68,104.12
成都・青羊区・骡马市,30.67,104.07
成都・武侯区・玉林,30.63,104.06
成都・金牛区・李家沱,30.69,104.09
成都・锦江区・柳江,30.60,104.09
成都・青羊区・青羊大道,30.66,104.01
成都・双流区・华阳,30.50,104.06
成都・锦江区・沙河,30.64,104.12
成都・武侯区・银泰城,30.54,104.06
成都,30.57,104.07
成都・武侯区・复城国际广场,30.55,104.06
成都・武侯区・新会展中心,30.56,104.07
成都・武侯区・银泰城,30.54,104.06
成都・武侯区・铁像寺,30.56,104.05
成都・武侯区・孵化园,30.57,104.06
成都・武侯区・芳草街,30.63,104.05
成都・武侯区・新会展中心,30.56,104.07
成都・武侯区・新会展中心,30.56,104.07
成都,30.57,104.07
成都・武侯区・新会展中心,30.56,104.07
成都・武侯区・新会展中心,30.56,104.07
成都・武侯区・新会展中心,30.56,104.07
成都・郫都区・高新西,30.73,103.96
成都・双流区・华阳,30.50,104.06
成都・武侯区・孵化园,30.57,104.06
成都・武侯区・机投,30.65,103.98
成都・武侯区・大源,30.55,104.05
成都,30.57,104.07
成都・武侯区・新会展中心,30.56,104.07
成都・武侯区・银泰城,30.54,104.06
成都・武侯区・武侯立交,30.63,104.00
成都・金牛区・沙湾,30.69,104.05
地址,39.99,116.35
天津,39.09,117.20
天津,39.09,117.20
天津・南开区・兴南街,39.13,117.18
天津・和平区・小白楼,39.12,117.22
天津・北辰区・双口,39.24,117.04
天津,39.09,117.20
天津,39.09,117.20
天津・东丽区・空港,39.13,117.40
天津・河西区・陈塘庄,39.08,117.25
天津・南开区・华苑,39.08,117.14
天津・西青区・侯台,39.11,117.09
天津・西青区・中北,39.14,117.09
天津・宝坻区・高家庄,39.75,117.27
天津・西青区・会展中心,39.04,117.21
天津・北辰区・双口,39.24,117.04
天津・河东区・二号桥,39.10,117.29
天津・西青区・中北,39.14,117.09
天津・红桥区・丁字沽,39.18,117.16
天津・南开区・鼓楼,39.14,117.18
天津・西青区・大学城,39.07,117.11
天津・西青区・会展中心,39.04,117.21
天津・南开区・时代奥城,39.08,117.17
天津・南开区・西南角,39.14,117.17
天津・西青区・中北,39.14,117.09
天津・武清区・北郑,39.37,117.06
天津・北辰区・北仓,39.22,117.13
天津・武清区・下朱庄,39.33,117.09
天津・东丽区・华明,39.16,117.39
天津・西青区・大学城,39.07,117.11
天津・南开区・华苑,39.08,117.14
天津・南开区・西南角,39.14,117.17
天津・河东区・二号桥,39.10,117.29
天津・河东区・天津站,39.14,117.21
天津・河西区・梅江,39.06,117.23
天津・滨海新区・大港,38.80,117.50
天津・滨海新区・泰达MSD,39.02,117.71
天津・西青区・中北,39.14,117.09
天津・东丽区・万新街,39.12,117.28
天津・东丽区・空港,39.13,117.40
天津・西青区・大寺,39.00,117.25
天津,39.09,117.20
天津・西青区・大寺,39.00,117.25
天津・西青区・张家窝,39.07,117.03
天津,39.09,117.20
天津・西青区・侯台,39.11,117.09
天津・静海区・静海县城,38.91,116.93
天津,39.09,117.20
天津・河西区・尖山,39.09,117.23
天津・河西区・小海地,39.06,117.27
天津・西青区・侯台,39.11,117.09
天津・滨海新区・渤海石油街,38.98,117.70
天津・西青区・侯台,39.11,117.09
天津・南开区・华苑,39.08,117.14
天津・和平区・小白楼,39.12,117.22
天津・滨海新区・经济开发区,39.03,117.71
天津・河东区・二号桥,39.10,117.29
天津・东丽区・华明,39.16,117.39
天津・和平区・滨江道,39.12,117.20
天津・东丽区・空港,39.13,117.40
天津・南开区・海光寺,39.12,117.18
天津・南开区・鼓楼,39.14,117.18
天津・河东区・天津站,39.14,117.21
天津・河西区・小海地,39.06,117.27
天津・河西区・下瓦房,39.11,117.22
天津・河西区・尖山,39.09,117.23
天津・河北区・铁东路,39.18,117.21
天津・滨海新区・工农村,39.06,117.66
天津・津南区・八里台,38.95,117.33
天津・东丽区・空港,39.13,117.40
天津・南开区・王顶堤,39.09,117.14
天津・津南区・津南大学城,39.00,117.38
天津・滨海新区・泰达MSD,39.02,117.71
天津・西青区・侯台,39.11,117.09
天津・河东区・大王庄,39.13,117.22
天津・河西区・友谊路,39.08,117.21
天津,39.09,117.20
天津,39.09,117.20
天津・河西区・梅江,39.06,117.23
天津・和平区・小白楼,39.12,117.22
天津・西青区・张家窝,39.07,117.03
天津,39.09,117.20
天津・滨海新区・金街,39.02,117.67
天津・西青区・侯台,39.11,117.09
天津・西青区・大学城,39.07,117.11
天津・和平区・滨江道,39.12,117.20
天津,39.09,117.20
天津・和平区・滨江道,39.12,117.20
天津・滨海新区・响螺湾商圈,39.00,117.67
天津・滨海新区・中新生态城,39.13,117.74
天津・西青区・张家窝,39.07,117.03
天津・东丽区・张贵庄,39.09,117.31
天津・滨海新区・工农村,39.06,117.66
天津・南开区・西南角,39.14,117.17
天津・西青区・侯台,39.11,117.09
天津・河西区・围堤道沿线,39.10,117.21
天津・滨海新区・大港,38.80,117.50
天津・滨海新区・泰达MSD,39.02,117.71
天津,39.09,117.20
天津・河西区・尖山,39.09,117.23
天津・西青区・杨柳青,39.14,117.01
天津・东丽区・天津滨海国际机场,39.13,117.36
天津,39.09,117.20
天津・河西区・陈塘庄,39.08,117.25
天津・西青区・侯台,39.11,117.09
天津・河西区・大营门,39.11,117.22
天津・西青区・张家窝,39.07,117.03
天津・和平区・滨江道,39.12,117.20
天津・南开区・白堤路,39.11,117.16
天津,39.09,117.20
天津・西青区・张家窝,39.07,117.03
天津・东丽区・程林,39.13,117.29
天津・武清区・大王古庄,39.56,116.82
天津・红桥区・咸阳北路,39.19,117.15
天津・西青区・侯台,39.11,117.09
天津・西青区・张家窝,39.07,117.03
天津・南开区・兴南街,39.13,117.18
天津・河东区・上杭路,39.12,117.26
天津・河东区・天津站,39.14,117.21
天津・南开区・风荷园,39.12,117.16
天津・河西区・陈塘庄,39.08,117.25
天津・西青区・侯台,39.11,117.09
天津・和平区・小白楼,39.12,117.22
天津・和平区・南市,39.13,117.18
天津・河西区・小海地,39.06,117.27
天津・西青区・侯台,39.11,117.09
天津・河东区・向阳楼,39.14,117.24
天津・滨海新区・泰达MSD,39.02,117.71
天津・河北区・意大利风情区,39.13,117.20
天津・西青区・侯台,39.11,117.09
天津・西青区・张家窝,39.07,117.03
天津・南开区・广开街,39.13,117.17
天津・南开区・长虹公园,39.13,117.15
天津・东丽区・程林,39.13,117.29
天津・河东区・富民路,39.09,117.25
天津・河西区・陈塘庄,39.08,117.25
天津・滨海新区・开发区,39.03,117.71
天津・西青区・中北,39.14,117.09
天津・东丽区・华明,39.16,117.39
天津・滨海新区・中新生态城,39.13,117.74
天津・和平区・小白楼,39.12,117.22
天津・西青区・侯台,39.11,117.09
天津・和平区・小白楼,39.12,117.22
天津・河西区・大营门,39.11,117.22
天津・西青区・张家窝,39.07,117.03
天津,39.09,117.20
天津・河西区・尖山,39.09,117.23
天津・西青区・侯台,39.11,117.09
天津・和平区・小白楼,39.12,117.22
天津・西青区・大学城,39.07,117.11
天津・西青区・中北,39.14,117.09
天津・和平区・滨江道,39.12,117.20
天津・河西区・大营门,39.11,117.22
天津・和平区・小白楼,39.12,117.22
天津・红桥区・西于庄,39.17,117.16
天津・和平区・小白楼,39.12,117.22
天津・河东区・天津站,39.14,117.21
天津・和平区・小白楼,39.12,117.22
天津・东丽区・华侨城欢乐谷,39.19,117.47
天津・和平区・小白楼,39.12,117.22
天津・滨海新区・中新生态城,39.13,117.74
天津・和平区・和平路,39.13,117.20
天津・南开区・黄河道,39.14,117.14
天津・和平区・小白楼,39.12,117.22
天津・南开区・水上,39.09,117.17
天津・滨海新区・中新生态城,39.13,117.74
天津・滨海新区・第三大街,39.03,117.71
天津・南开区・兴南街,39.13,117.18
天津・红桥区・水游城,39.15,117.17
天津・西青区・侯台,39.11,117.09
天津・西青区・中北,39.14,117.09
天津・南开区・华苑,39.08,117.14
天津・西青区・大学城,39.07,117.11
天津・河北区・火车站,39.14,117.21
天津,39.09,117.20
天津・南开区・海光寺,39.12,117.18
天津・南开区・海光寺,39.12,117.18
天津・西青区・张家窝,39.07,117.03
天津・南开区・鼓楼,39.14,117.18
天津・西青区・张家窝,39.07,117.03
天津・东丽区・军粮城,39.05,117.46
天津・滨海新区・开发区,39.03,117.71
天津・南开区・风荷园,39.12,117.16
天津・滨海新区・新港,39.00,117.71
天津・西青区・张家窝,39.07,117.03
天津・西青区・张家窝,39.07,117.03
天津・西青区・张家窝,39.07,117.03
天津・河东区・卫国道,39.14,117.25
天津・东丽区・华明,39.16,117.39
天津,39.09,117.20
天津・滨海新区・经济开发区,39.03,117.71
天津・西青区・侯台,39.11,117.09
天津・南开区・鼓楼,39.14,117.18
天津・西青区・张家窝,39.07,117.03
天津・河东区・大王庄,39.13,117.22
天津・滨海新区・北塘街,39.10,117.71
天津・东丽区・华明,39.16,117.39
天津・西青区・张家窝,39.07,117.03
天津,39.09,117.20
天津・南开区・海光寺,39.12,117.18
天津・河西区・大营门,39.11,117.22
天津・和平区・滨江道,39.12,117.20
天津・西青区・西青大学城,39.07,117.12
天津・河西区・土城,39.09,117.23
天津・西青区・张家窝,39.07,117.03
天津・红桥区・芥园道,39.15,117.16
天津・西青区・侯台,39.11,117.09
天津,39.09,117.20
天津・西青区・侯台,39.11,117.09
天津・西青区・中北,39.14,117.09
天津・东丽区・军粮城,39.05,117.46
天津,39.09,117.20
天津,39.09,117.20
天津・河西区・尖山,39.09,117.23
天津・西青区・精武镇,39.04,117.11
天津・东丽区・华明,39.16,117.39
天津・西青区・侯台,39.11,117.09
天津・武清区・体育中心,39.39,117.01
天津・南开区・天拖,39.11,117.15
天津・南开区・时代奥城,39.08,117.17
天津・西青区・侯台,39.11,117.09
天津・南开区・海光寺,39.12,117.18
天津・南开区・万兴街,39.12,117.16
天津・红桥区・水游城,39.15,117.17
天津・西青区・侯台,39.11,117.09
天津・西青区・中北,39.14,117.09
天津・南开区・时代奥城,39.08,117.17
天津・滨海新区・开发区,39.03,117.71
天津・西青区・张家窝,39.07,117.03
天津,39.09,117.20
天津・西青区・侯台,39.11,117.09
天津・滨海新区,39.02,117.70
天津・南开区・海光寺,39.12,117.18
天津・南开区・兴南街,39.13,117.18
天津,39.09,117.20
天津・和平区・小白楼,39.12,117.22
天津・北辰区・宜兴埠,39.20,117.22
天津,39.09,117.20
天津・东丽区・空港,39.13,117.40
天津・滨海新区・泰达MSD,39.02,117.71
天津・滨海新区・开发区一二三大街,39.04,117.68
地址,39.99,116.35
天津,39.09,117.20
天津,39.09,117.20
天津・南开区・兴南街,39.13,117.18
天津・和平区・小白楼,39.12,117.22
天津・北辰区・双口,39.24,117.04
天津,39.09,117.20
天津,39.09,117.20
天津・东丽区・空港,39.13,117.40
天津・河西区・陈塘庄,39.08,117.25
天津・南开区・华苑,39.08,117.14
天津・西青区・侯台,39.11,117.09
天津・西青区・中北,39.14,117.09
天津・宝坻区・高家庄,39.75,117.27
天津・西青区・会展中心,39.04,117.21
天津・北辰区・双口,39.24,117.04
天津・河东区・二号桥,39.10,117.29
天津・西青区・中北,39.14,117.09
天津・红桥区・丁字沽,39.18,117.16
天津・南开区・鼓楼,39.14,117.18
天津・西青区・大学城,39.07,117.11
天津・西青区・会展中心,39.04,117.21
天津・南开区・时代奥城,39.08,117.17
天津・南开区・西南角,39.14,117.17
天津・西青区・中北,39.14,117.09
天津・武清区・北郑,39.37,117.06
天津・北辰区・北仓,39.22,117.13
天津・武清区・下朱庄,39.33,117.09
天津・东丽区・华明,39.16,117.39
天津・西青区・大学城,39.07,117.11
天津・南开区・华苑,39.08,117.14
天津・南开区・西南角,39.14,117.17
天津・河东区・二号桥,39.10,117.29
天津・河东区・天津站,39.14,117.21
天津・河西区・梅江,39.06,117.23
天津・滨海新区・大港,38.80,117.50
天津・滨海新区・泰达MSD,39.02,117.71
天津・西青区・中北,39.14,117.09
天津・东丽区・万新街,39.12,117.28
天津・东丽区・空港,39.13,117.40
天津・西青区・大寺,39.00,117.25
天津,39.09,117.20
天津・西青区・大寺,39.00,117.25
天津・西青区・张家窝,39.07,117.03
天津,39.09,117.20
天津・西青区・侯台,39.11,117.09
天津・静海区・静海县城,38.91,116.93
天津,39.09,117.20
天津・河西区・尖山,39.09,117.23
天津・河西区・小海地,39.06,117.27
天津・西青区・侯台,39.11,117.09
天津・滨海新区・渤海石油街,38.98,117.70
天津・西青区・侯台,39.11,117.09
天津・南开区・华苑,39.08,117.14
天津・和平区・小白楼,39.12,117.22
天津・滨海新区・经济开发区,39.03,117.71
天津・河东区・二号桥,39.10,117.29
天津・东丽区・华明,39.16,117.39
天津・和平区・滨江道,39.12,117.20
天津・东丽区・空港,39.13,117.40
天津・南开区・海光寺,39.12,117.18
天津・南开区・鼓楼,39.14,117.18
天津・河东区・天津站,39.14,117.21
天津・河西区・小海地,39.06,117.27
天津・河西区・下瓦房,39.11,117.22
天津・河西区・尖山,39.09,117.23
天津・河北区・铁东路,39.18,117.21
天津・滨海新区・工农村,39.06,117.66
天津・津南区・八里台,38.95,117.33
天津・东丽区・空港,39.13,117.40
天津・南开区・王顶堤,39.09,117.14
天津・津南区・津南大学城,39.00,117.38
天津・滨海新区・泰达MSD,39.02,117.71
天津・西青区・侯台,39.11,117.09
天津・河东区・大王庄,39.13,117.22
天津・河西区・友谊路,39.08,117.21
天津,39.09,117.20
天津,39.09,117.20
天津・河西区・梅江,39.06,117.23
天津・和平区・小白楼,39.12,117.22
天津・西青区・张家窝,39.07,117.03
天津,39.09,117.20
天津・滨海新区・金街,39.02,117.67
天津・西青区・侯台,39.11,117.09
天津・西青区・大学城,39.07,117.11
天津・和平区・滨江道,39.12,117.20
天津,39.09,117.20
天津・和平区・滨江道,39.12,117.20
天津・滨海新区・响螺湾商圈,39.00,117.67
天津・滨海新区・中新生态城,39.13,117.74
天津・西青区・张家窝,39.07,117.03
天津・东丽区・张贵庄,39.09,117.31
天津・滨海新区・工农村,39.06,117.66
天津・南开区・西南角,39.14,117.17
天津・西青区・侯台,39.11,117.09
天津・河西区・围堤道沿线,39.10,117.21
天津・滨海新区・大港,38.80,117.50
天津・滨海新区・泰达MSD,39.02,117.71
天津,39.09,117.20
天津・河西区・尖山,39.09,117.23
天津・西青区・杨柳青,39.14,117.01
天津・东丽区・天津滨海国际机场,39.13,117.36
天津,39.09,117.20
天津・河西区・陈塘庄,39.08,117.25
天津・西青区・侯台,39.11,117.09
天津・河西区・大营门,39.11,117.22
天津・西青区・张家窝,39.07,117.03
天津・和平区・滨江道,39.12,117.20
天津・南开区・白堤路,39.11,117.16
天津,39.09,117.20
天津・西青区・张家窝,39.07,117.03
天津・东丽区・程林,39.13,117.29
天津・武清区・大王古庄,39.56,116.82
天津・红桥区・咸阳北路,39.19,117.15
天津・西青区・侯台,39.11,117.09
天津・西青区・张家窝,39.07,117.03
天津・南开区・兴南街,39.13,117.18
天津・河东区・上杭路,39.12,117.26
天津・河东区・天津站,39.14,117.21
天津・南开区・风荷园,39.12,117.16
天津・河西区・陈塘庄,39.08,117.25
天津・西青区・侯台,39.11,117.09
天津・和平区・小白楼,39.12,117.22
天津・和平区・南市,39.13,117.18
天津・河西区・小海地,39.06,117.27
天津・西青区・侯台,39.11,117.09
天津・河东区・向阳楼,39.14,117.24
天津・滨海新区・泰达MSD,39.02,117.71
天津・河北区・意大利风情区,39.13,117.20
天津・西青区・侯台,39.11,117.09
天津・西青区・张家窝,39.07,117.03
天津・南开区・广开街,39.13,117.17
天津・南开区・长虹公园,39.13,117.15
天津・东丽区・程林,39.13,117.29
天津・河东区・富民路,39.09,117.25
天津・河西区・陈塘庄,39.08,117.25
天津・滨海新区・开发区,39.03,117.71
天津・西青区・中北,39.14,117.09
天津・东丽区・华明,39.16,117.39
天津・滨海新区・中新生态城,39.13,117.74
天津・和平区・小白楼,39.12,117.22
天津・西青区・侯台,39.11,117.09
天津・和平区・小白楼,39.12,117.22
天津・河西区・大营门,39.11,117.22
天津・西青区・张家窝,39.07,117.03
天津,39.09,117.20
天津・河西区・尖山,39.09,117.23
天津・西青区・侯台,39.11,117.09
天津・和平区・小白楼,39.12,117.22
天津・西青区・大学城,39.07,117.11
天津・西青区・中北,39.14,117.09
天津・和平区・滨江道,39.12,117.20
天津・河西区・大营门,39.11,117.22
天津・和平区・小白楼,39.12,117.22
天津・红桥区・西于庄,39.17,117.16
天津・和平区・小白楼,39.12,117.22
天津・河东区・天津站,39.14,117.21
天津・和平区・小白楼,39.12,117.22
天津・东丽区・华侨城欢乐谷,39.19,117.47
天津・和平区・小白楼,39.12,117.22
天津・滨海新区・中新生态城,39.13,117.74
天津・和平区・和平路,39.13,117.20
天津・南开区・黄河道,39.14,117.14
天津・和平区・小白楼,39.12,117.22
天津・南开区・水上,39.09,117.17
天津・滨海新区・中新生态城,39.13,117.74
天津・滨海新区・第三大街,39.03,117.71
天津・南开区・兴南街,39.13,117.18
天津・红桥区・水游城,39.15,117.17
天津・西青区・侯台,39.11,117.09
天津・西青区・中北,39.14,117.09
天津・南开区・华苑,39.08,117.14
天津・西青区・大学城,39.07,117.11
天津・河北区・火车站,39.14,117.21
天津,39.09,117.20
天津・南开区・海光寺,39.12,117.18
天津・南开区・海光寺,39.12,117.18
天津・西青区・张家窝,39.07,117.03
天津・南开区・鼓楼,39.14,117.18
天津・西青区・张家窝,39.07,117.03
天津・东丽区・军粮城,39.05,117.46
天津・滨海新区・开发区,39.03,117.71
天津・南开区・风荷园,39.12,117.16
天津・滨海新区・新港,39.00,117.71
天津・西青区・张家窝,39.07,117.03
天津・西青区・张家窝,39.07,117.03
天津・西青区・张家窝,39.07,117.03
天津・河东区・卫国道,39.14,117.25
天津・东丽区・华明,39.16,117.39
天津,39.09,117.20
天津・滨海新区・经济开发区,39.03,117.71
天津・西青区・侯台,39.11,117.09
天津・南开区・鼓楼,39.14,117.18
天津・西青区・张家窝,39.07,117.03
天津・河东区・大王庄,39.13,117.22
天津・滨海新区・北塘街,39.10,117.71
天津・东丽区・华明,39.16,117.39
天津・西青区・张家窝,39.07,117.03
天津,39.09,117.20
天津・南开区・海光寺,39.12,117.18
天津・河西区・大营门,39.11,117.22
天津・和平区・滨江道,39.12,117.20
天津・西青区・西青大学城,39.07,117.12
天津・河西区・土城,39.09,117.23
天津・西青区・张家窝,39.07,117.03
天津・红桥区・芥园道,39.15,117.16
天津・西青区・侯台,39.11,117.09
天津,39.09,117.20
天津・西青区・侯台,39.11,117.09
天津・西青区・中北,39.14,117.09
天津・东丽区・军粮城,39.05,117.46
天津,39.09,117.20
天津,39.09,117.20
天津・河西区・尖山,39.09,117.23
天津・西青区・精武镇,39.04,117.11
天津・东丽区・华明,39.16,117.39
天津・西青区・侯台,39.11,117.09
天津・武清区・体育中心,39.39,117.01
天津・南开区・天拖,39.11,117.15
天津・南开区・时代奥城,39.08,117.17
天津・西青区・侯台,39.11,117.09
天津・南开区・海光寺,39.12,117.18
天津・南开区・万兴街,39.12,117.16
天津・红桥区・水游城,39.15,117.17
天津・西青区・侯台,39.11,117.09
天津・西青区・中北,39.14,117.09
天津・南开区・时代奥城,39.08,117.17
天津・滨海新区・开发区,39.03,117.71
天津・西青区・张家窝,39.07,117.03
天津,39.09,117.20
天津・西青区・侯台,39.11,117.09
天津・滨海新区,39.02,117.70
天津・南开区・海光寺,39.12,117.18
天津・南开区・兴南街,39.13,117.18
天津,39.09,117.20
天津・和平区・小白楼,39.12,117.22
天津・北辰区・宜兴埠,39.20,117.22
天津,39.09,117.20
天津・东丽区・空港,39.13,117.40
天津・滨海新区・泰达MSD,39.02,117.71
天津・滨海新区・开发区一二三大街,39.04,117.68
西安・雁塔区・绿地世纪城,34.20,108.87
西安・雁塔区・高新路,34.20,108.89
西安・雁塔区・唐延路南段,34.19,108.89
西安・雁塔区・绿地世纪城,34.20,108.87
西安・雁塔区・科技路西口,34.24,108.87
西安・雁塔区・高新路,34.20,108.89
西安・雁塔区・长延堡,34.20,108.95
西安・未央区・文景路,34.34,108.94
西安・雁塔区・电子城,34.20,108.92
西安・雁塔区・沣惠南路,34.23,108.89
西安・长安区・航天城,34.16,108.94
西安,34.34,108.94
西安・碑林区・建工路,34.24,109.00
西安・长安区・航天城,34.16,108.94
西安・长安区・紫薇田园都市,34.18,108.87
西安・雁塔区・高新软件园,34.20,108.84
西安・未央区・张家堡,34.34,108.95
西安・雁塔区・高新软件园,34.20,108.84
西安・雁塔区・科技路西口,34.24,108.87
西安・长安区・紫薇田园都市,34.18,108.87
西安・雁塔区・高新软件园,34.20,108.84
西安・雁塔区・高新路,34.20,108.89
西安・未央区・三桥,34.29,108.83
西安・雁塔区・唐延路,34.20,108.89
西安・雁塔区・丈八,34.21,108.87
西安・雁塔区・高新软件园,34.20,108.84
西安・雁塔区・高新路,34.20,108.89
西安・雁塔区・高新软件园,34.20,108.84
西安・雁塔区・科技路西口,34.24,108.87
西安・莲湖区・丰禾路,34.28,108.91
西安・雁塔区・玫瑰大楼,34.23,108.90
西安・雁塔区・枫林绿洲,34.21,108.90
西安・灞桥区,34.27,109.06
西安・雁塔区・电视塔,34.20,108.94
西安・雁塔区・曲江新区,34.20,109.02
西安,34.34,108.94
西安・雁塔区・高新软件园,34.20,108.84
西安・雁塔区・高新路,34.20,108.89
西安・未央区・未央路沿线,34.32,108.95
西安・雁塔区・科技二路,34.22,108.89
西安・雁塔区・长延堡,34.20,108.95
西安・雁塔区・丈八,34.21,108.87
西安・雁塔区・光华路,34.23,108.91
西安,34.34,108.94
西安・雁塔区・电子城,34.20,108.92
西安・雁塔区・枫林绿洲,34.21,108.90
西安・雁塔区・紫薇田园都市,34.18,108.87
西安・雁塔区・高新软件园,34.20,108.84
西安・碑林区・太乙路,34.24,108.97
西安・雁塔区・科技路西口,34.24,108.87
西安・雁塔区・绿地世纪城,34.20,108.87
西安・雁塔区・高新软件园,34.20,108.84
西安・雁塔区・长延堡,34.20,108.95
西安・雁塔区・绿地世纪城,34.20,108.87
西安・雁塔区・紫薇田园都市,34.18,108.87
西安,34.34,108.94
西安・雁塔区・高新路,34.20,108.89
西安・雁塔区・绿地世纪城,34.20,108.87
西安・未央区・辛家庙,34.30,109.00
西安・新城区・建工路,34.24,109.01
西安・新城区・长乐西路,34.27,108.99
西安・雁塔区・科技路西口,34.24,108.87
西安・长安区・三森,34.19,108.73
西安・雁塔区・高新软件园,34.20,108.84
西安・未央区・文景路,34.34,108.94
西安・雁塔区・曲江新区,34.20,109.02
西安・未央区・辛家庙,34.30,109.00
西安・雁塔区・绿地世纪城,34.20,108.87
西安・雁塔区・高新软件园,34.20,108.84
西安・雁塔区・绿地世纪城,34.20,108.87
西安・雁塔区・建工路,34.24,109.01
西安・雁塔区・高新软件园,34.20,108.84
西安・未央区・未央路沿线,34.32,108.95
西安・雁塔区・徐家庄,34.23,108.91
西安・碑林区・东大街,34.26,108.96
西安・雁塔区・高新路,34.20,108.89
西安・雁塔区・科技路西口,34.24,108.87
西安・碑林区・交大,34.25,108.98
西安・雁塔区・高新软件园,34.20,108.84
西安・未央区・经济技术开发区,34.36,108.93
西安・雁塔区・科技二路,34.22,108.89
西安・长安区・高新软件园,34.19,108.84
西安・雁塔区・绿地世纪城,34.20,108.87
西安・碑林区・太乙路,34.24,108.97
西安・雁塔区・玫瑰大楼,34.23,108.90
西安・灞桥区・田洪正街,34.30,109.12
西安・碑林区・李家街村,34.24,108.96
西安・雁塔区・枫林绿洲,34.21,108.90
西安・雁塔区・绿地世纪城,34.20,108.87
西安・雁塔区・朱雀大街,34.21,108.94
西安・雁塔区・沣惠南路,34.23,108.89
西安・雁塔区・高新路,34.20,108.89
西安・雁塔区・高新软件园,34.20,108.84
西安・雁塔区・高新软件园,34.20,108.84
西安・雁塔区・高新软件园,34.20,108.84
西安・雁塔区・高新软件园,34.20,108.84
西安・雁塔区・丈八,34.21,108.87
西安・雁塔区・高新软件园,34.20,108.84
西安・雁塔区・丈八,34.21,108.87
西安・雁塔区・高新软件园,34.20,108.84
西安・雁塔区・沣惠南路,34.23,108.89
西安,34.34,108.94
西安・雁塔区・高新软件园,34.20,108.84
西安・雁塔区・紫薇田园都市,34.18,108.87
西安・长安区・紫薇田园都市,34.18,108.87
西安・雁塔区・绿地世纪城,34.20,108.87
西安・雁塔区・唐延路南段,34.19,108.89
西安,34.34,108.94
西安,34.34,108.94
西安・雁塔区・丈八,34.21,108.87
西安・雁塔区・文艺路,34.24,108.96
西安・雁塔区・丈八,34.21,108.87
西安・雁塔区・绿地世纪城,34.20,108.87
西安・灞桥区,34.27,109.06
西安・雁塔区・高新路,34.20,108.89
西安・雁塔区・三森,34.18,108.94
西安・雁塔区・高新软件园,34.20,108.84
西安・雁塔区・高新软件园,34.20,108.84
西安・雁塔区・高新软件园,34.20,108.84
西安・雁塔区・高新软件园,34.20,108.84
西安・雁塔区・高新软件园,34.20,108.84
西安・雁塔区・科技路西口,34.24,108.87
西安,34.34,108.94
西安・雁塔区・高新软件园,34.20,108.84
西安・雁塔区・高新软件园,34.20,108.84
西安・雁塔区・绿地世纪城,34.20,108.87
西安・雁塔区・高新软件园,34.20,108.84
西安・雁塔区・高新软件园,34.20,108.84
西安・雁塔区・电子城,34.20,108.92
西安・雁塔区・高新软件园,34.20,108.84
西安・雁塔区・高新软件园,34.20,108.84
西安・雁塔区・紫薇田园都市,34.18,108.87
西安・雁塔区・高新软件园,34.20,108.84
西安・雁塔区・高新软件园,34.20,108.84
西安・长安区・高新软件园,34.19,108.84
西安・雁塔区・高新软件园,34.20,108.84
西安・雁塔区,34.22,108.95
西安・雁塔区・高新软件园,34.20,108.84
西安・雁塔区・高新软件园,34.20,108.84
西安・雁塔区・高新软件园,34.20,108.84
西安・雁塔区・高新软件园,34.20,108.84
西安・雁塔区・高新软件园,34.20,108.84
西安・雁塔区・高新软件园,34.20,108.84
西安・雁塔区・高新软件园,34.20,108.84
西安・雁塔区・高新软件园,34.20,108.84
西安・雁塔区,34.22,108.95
西安・雁塔区・高新软件园,34.20,108.84
西安・雁塔区・高新软件园,34.20,108.84
西安・雁塔区・高新软件园,34.20,108.84
西安・雁塔区・绿地世纪城,34.20,108.87
西安・长安区・韦曲,34.16,108.93
西安・雁塔区・高新软件园,34.20,108.84
西安・长安区・高新软件园,34.19,108.84
西安・雁塔区・高新软件园,34.20,108.84
西安・雁塔区・高新软件园,34.20,108.84
西安,34.34,108.94
西安・雁塔区・高新软件园,34.20,108.84
西安・雁塔区・高新软件园,34.20,108.84
西安・雁塔区・高新软件园,34.20,108.84
西安・雁塔区・高新软件园,34.20,108.84
西安・雁塔区・高新软件园,34.20,108.84
西安・雁塔区・高新软件园,34.20,108.84
西安・雁塔区・高新软件园,34.20,108.84
西安・雁塔区・丈八,34.21,108.87
西安・雁塔区・高新软件园,34.20,108.84
西安・雁塔区・丈八,34.21,108.87
西安・雁塔区・高新软件园,34.20,108.84
西安・雁塔区・高新软件园,34.20,108.84
西安・雁塔区・高新软件园,34.20,108.84
西安・雁塔区・高新软件园,34.20,108.84
西安・雁塔区・丈八,34.21,108.87
西安・雁塔区・高新软件园,34.20,108.84
西安・雁塔区・高新软件园,34.20,108.84
西安・雁塔区・高新软件园,34.20,108.84
西安・雁塔区・高新软件园,34.20,108.84
西安・雁塔区・高新软件园,34.20,108.84
西安・雁塔区・高新软件园,34.20,108.84
西安・雁塔区・高新软件园,34.20,108.84
西安・雁塔区・高新软件园,34.20,108.84
西安・雁塔区・高新软件园,34.20,108.84
西安・长安区・高新软件园,34.19,108.84
西安・长安区・高新软件园,34.19,108.84
西安・长安区・高新软件园,34.19,108.84
西安・雁塔区・高新软件园,34.20,108.84
西安・雁塔区・高新软件园,34.20,108.84
西安・雁塔区・高新软件园,34.20,108.84
西安・雁塔区・高新软件园,34.20,108.84
西安・雁塔区・高新软件园,34.20,108.84
西安・雁塔区・高新软件园,34.20,108.84
西安・雁塔区・高新软件园,34.20,108.84
西安・雁塔区・高新软件园,34.20,108.84
西安・雁塔区・高新软件园,34.20,108.84
西安・雁塔区・高新软件园,34.20,108.84
西安・雁塔区・高新软件园,34.20,108.84
西安・雁塔区・高新软件园,34.20,108.84
西安・雁塔区・高新软件园,34.20,108.84
西安・雁塔区・高新软件园,34.20,108.84
西安・雁塔区・高新软件园,34.20,108.84
西安・雁塔区・鱼化寨,34.24,108.85
西安・雁塔区・紫薇田园都市,34.18,108.87
西安・雁塔区・高新软件园,34.20,108.84
西安・雁塔区・高新软件园,34.20,108.84
西安・长安区・紫薇田园都市,34.18,108.87
西安・雁塔区・高新软件园,34.20,108.84
西安・雁塔区・丈八,34.21,108.87
西安・雁塔区・高新软件园,34.20,108.84
西安・雁塔区・高新软件园,34.20,108.84
西安・雁塔区・高新软件园,34.20,108.84
西安・雁塔区・绿地世纪城,34.20,108.87
西安・雁塔区・紫薇田园都市,34.18,108.87
地址,39.99,116.35
苏州・虎丘区・木渎东区,31.33,120.66
苏州・苏州工业园区・独墅湖,31.25,120.73
苏州,31.30,120.59
苏州・苏州工业园区・娄葑,31.34,120.66
苏州・苏州工业园区・湖东,31.31,120.73
苏州・苏州工业园区・湖东,31.31,120.73
苏州・苏州工业园区・独墅湖,31.25,120.73
苏州・常熟市・东南开发区,31.74,120.99
苏州・苏州工业园区・湖东,31.31,120.73
苏州・虎丘区・高新区,31.33,120.43
苏州・苏州工业园区・独墅湖,31.25,120.73
苏州・苏州工业园区・独墅湖,31.25,120.73
苏州・常熟市・支塘镇,31.61,120.96
苏州・常熟市・东南开发区,31.74,120.99
苏州・苏州工业园区・车坊,31.25,120.75
苏州・吴中区・独墅湖,31.25,120.71
苏州・苏州工业园区・独墅湖,31.25,120.73
苏州・昆山市・玉山,31.39,120.95
苏州・苏州工业园区・独墅湖,31.25,120.73
苏州・苏州工业园区・东沙湖,31.33,120.76
苏州・相城区・元和,31.37,120.63
苏州・苏州工业园区・独墅湖,31.25,120.73
苏州・虎丘区・科技城,31.34,120.42
苏州・吴中区・苏苑,31.27,120.63
苏州,31.30,120.59
苏州・吴中区・越溪,31.21,120.58
苏州,31.30,120.59
苏州・张家港市・杨舍镇,31.86,120.52
苏州・相城区・蠡口家具城,31.39,120.63
苏州・姑苏区・三香路沿线,31.30,120.59
苏州・相城区・陆慕,31.37,120.62
苏州・虎丘区・科技城,31.34,120.42
苏州・相城区・开发区,31.40,120.66
苏州・苏州工业园区・苏州中心商场,31.32,120.68
苏州・苏州工业园区・独墅湖,31.25,120.73
苏州・虎丘区・狮山,31.30,120.55
苏州・昆山市・花桥,31.30,121.11
苏州・太仓市・太仓,31.46,121.12
苏州・吴中区,31.26,120.63
苏州・张家港市・杨舍镇,31.86,120.52
苏州・苏州工业园区・白塘,31.33,120.74
苏州・苏州工业园区・独墅湖,31.25,120.73
苏州・吴中区・木渎,31.25,120.52
苏州・相城区・蠡口家具城,31.39,120.63
苏州・苏州工业园区・独墅湖,31.25,120.73
苏州・相城区・元和,31.37,120.63
苏州・苏州工业园区・独墅湖,31.25,120.73
苏州・张家港市・杨舍镇,31.86,120.52
苏州・昆山市・世茂,31.38,121.05
苏州・昆山市・玉山,31.39,120.95
苏州・苏州工业园区・苏州中心商场,31.32,120.68
苏州・苏州工业园区・独墅湖,31.25,120.73
苏州・虎丘区・木渎,31.28,120.55
苏州・苏州工业园区・湖东,31.31,120.73
苏州・苏州工业园区・独墅湖,31.25,120.73
苏州・苏州工业园区・玲珑,31.34,120.71
苏州・苏州工业园区・月亮湾,31.26,120.73
苏州・苏州工业园区・车坊,31.25,120.75
苏州・虎丘区・狮山,31.30,120.55
苏州・吴中区・车坊,31.24,120.78
苏州・吴中区・独墅湖,31.25,120.71
苏州・虎丘区・狮山,31.30,120.55
苏州・苏州工业园区・湖东,31.31,120.73
苏州・吴中区・城南,31.25,120.63
苏州・苏州工业园区・独墅湖,31.25,120.73
苏州・吴中区・横泾,31.18,120.54
苏州・相城区・元和,31.37,120.63
苏州・昆山市・玉山,31.39,120.95
苏州・昆山市・玉山,31.39,120.95
苏州・虎丘区・科技城,31.34,120.42
苏州・昆山市・玉山,31.39,120.95
苏州・相城区・元和,31.37,120.63
苏州・苏州工业园区・独墅湖,31.25,120.73
苏州・昆山市・玉山,31.39,120.95
苏州・苏州工业园区・湖东,31.31,120.73
苏州・吴中区・东山,31.08,120.39
苏州・虎丘区,31.33,120.43
苏州・苏州工业园区・独墅湖,31.25,120.73
苏州・苏州工业园区・湖东,31.31,120.73
苏州・虎丘区・科技城,31.34,120.42
苏州・苏州工业园区・青剑湖,31.38,120.72
苏州・相城区・元和,31.37,120.63
苏州・昆山市・玉山,31.39,120.95
苏州・张家港市・杨舍镇,31.86,120.52
苏州・虎丘区・木渎,31.28,120.55
苏州・昆山市・世茂,31.38,121.05
苏州・苏州工业园区・车坊,31.25,120.75
苏州・苏州工业园区・湖东,31.31,120.73
苏州・昆山市・玉山,31.39,120.95
苏州・苏州工业园区・车坊,31.25,120.75
苏州・苏州工业园区・东沙湖,31.33,120.76
苏州・苏州工业园区・东沙湖,31.33,120.76
苏州・苏州工业园区・独墅湖,31.25,120.73
苏州・昆山市・玉山,31.39,120.95
苏州・常熟市・高新技术产业园,31.72,120.71
苏州・昆山市・花桥,31.30,121.11
苏州・吴中区・苏苑,31.27,120.63
苏州・苏州工业园区・娄葑,31.34,120.66
苏州・苏州工业园区・湖东,31.31,120.73
苏州・苏州工业园区・独墅湖,31.25,120.73
苏州・吴中区・木渎,31.25,120.52
苏州・苏州工业园区・独墅湖,31.25,120.73
苏州・姑苏区・虎丘,31.33,120.58
苏州・苏州工业园区・湖东,31.31,120.73
苏州・虎丘区・枫桥地区,31.31,120.56
苏州・昆山市・花桥,31.30,121.11
苏州・苏州工业园区・跨塘,31.34,120.69
苏州・吴中区・越溪,31.21,120.58
苏州・苏州工业园区・独墅湖,31.25,120.73
苏州・姑苏区・三香路沿线,31.30,120.59
苏州・苏州工业园区・独墅湖,31.25,120.73
苏州・虎丘区・塔园路,31.30,120.56
苏州・苏州工业园区・独墅湖,31.25,120.73
苏州・苏州工业园区・独墅湖,31.25,120.73
苏州・昆山市・玉山,31.39,120.95
苏州・相城区・元和,31.37,120.63
苏州・苏州工业园区・独墅湖,31.25,120.73
苏州・吴中区・越溪,31.21,120.58
苏州・苏州工业园区・湖东,31.31,120.73
苏州・虎丘区・木渎,31.27,120.55
苏州・昆山市・世茂,31.38,121.05
苏州,31.30,120.59
苏州・吴中区・城南,31.25,120.63
苏州・吴江区・松陵,31.16,120.65
苏州・苏州工业园区・湖东,31.31,120.73
苏州・苏州工业园区・独墅湖,31.25,120.73
苏州・苏州工业园区・车坊,31.25,120.75
苏州・吴江区・盛泽,30.90,120.65
苏州・苏州工业园区・独墅湖,31.25,120.73
苏州・虎丘区・玉山路,31.28,120.55
苏州・苏州工业园区・湖东,31.31,120.73
苏州・虎丘区・木渎,31.27,120.55
苏州・姑苏区・万达广场,31.34,120.61
苏州・苏州工业园区・独墅湖,31.25,120.73
苏州・姑苏区・南门,31.29,120.62
苏州・苏州工业园区・娄葑,31.34,120.66
苏州・吴江区・松陵,31.16,120.65
苏州・苏州工业园区・青剑湖,31.38,120.72
苏州・苏州工业园区・湖东,31.31,120.73
苏州・虎丘区・木渎,31.28,120.55
苏州,31.30,120.59
苏州・虎丘区・横塘,31.27,120.58
苏州・苏州工业园区・车坊,31.25,120.75
苏州・虎丘区・长江湾广场,31.34,120.54
苏州・吴中区・越溪,31.21,120.58
苏州・吴中区・城南,31.25,120.63
苏州・苏州工业园区・湖东,31.31,120.73
苏州・虎丘区・塔园路,31.30,120.56
苏州・姑苏区・留园,31.32,120.59
苏州・苏州工业园区・青剑湖,31.38,120.72
苏州・昆山市・北门路,31.41,120.95
苏州・常熟市・东南开发区,31.74,120.99
苏州・相城区・元和,31.37,120.63
苏州・吴江区・太湖新城（吴江）,31.09,120.60
苏州・苏州工业园区・独墅湖,31.25,120.73
苏州・苏州工业园区・玲珑,31.34,120.71
苏州・虎丘区・木渎,31.27,120.55
苏州・苏州工业园区・独墅湖,31.25,120.73
苏州・吴中区・城南,31.25,120.63
苏州・虎丘区・浒墅关,31.38,120.51
苏州・苏州工业园区・唯亭,31.35,120.68
苏州・常熟市・东南开发区,31.74,120.99
苏州・相城区・元和,31.37,120.63
苏州・虎丘区・木渎,31.28,120.55
苏州・相城区・元和,31.37,120.63
苏州・张家港市・杨舍镇,31.86,120.52
苏州・吴中区・郭巷,31.25,120.67
苏州,31.30,120.59
苏州・苏州工业园区・独墅湖,31.25,120.73
苏州・昆山市・花桥,31.30,121.11
苏州・苏州工业园区・湖东,31.31,120.73
苏州・吴中区・越溪,31.21,120.58
苏州・虎丘区・科技城,31.34,120.42
苏州・苏州工业园区・独墅湖,31.25,120.73
苏州・虎丘区・木渎,31.27,120.55
苏州・苏州工业园区・独墅湖,31.25,120.73
苏州・昆山市・玉山,31.39,120.95
苏州・昆山市・玉山,31.39,120.95
苏州・相城区・渭塘,31.47,120.66
苏州・昆山市・玉山,31.39,120.95
苏州・吴中区・越溪,31.21,120.58
苏州・吴中区・木渎,31.25,120.52
苏州・相城区・元和,31.37,120.63
苏州・昆山市・玉山,31.39,120.95
苏州・虎丘区・狮山,31.30,120.55
苏州・苏州工业园区・独墅湖,31.25,120.73
苏州・虎丘区・木渎,31.27,120.55
苏州・昆山市・玉山,31.39,120.95
苏州,31.30,120.59
苏州,31.30,120.59
苏州,31.30,120.59
苏州・苏州工业园区・娄葑,31.34,120.66
苏州・昆山市・玉山,31.39,120.95
苏州・苏州工业园区・独墅湖,31.25,120.73
苏州・苏州工业园区・苏州中心商场,31.32,120.68
苏州・苏州工业园区・青剑湖,31.38,120.72
苏州・苏州工业园区・独墅湖,31.25,120.73
苏州・虎丘区・苏州乐园,31.32,120.48
苏州・苏州工业园区・湖东,31.31,120.73
苏州・吴中区・东环,31.27,120.65
苏州・吴江区・松陵,31.16,120.65
苏州・相城区・蠡口家具城,31.39,120.63
苏州・张家港市・杨舍镇,31.86,120.52
苏州・苏州工业园区・车坊,31.25,120.75
苏州・吴中区・郭巷,31.25,120.67
苏州・昆山市・玉山,31.39,120.95
苏州・苏州工业园区・独墅湖,31.25,120.73
苏州・吴中区・独墅湖,31.25,120.71
苏州・苏州工业园区・独墅湖,31.25,120.73
苏州・吴江区・松陵,31.16,120.65
苏州・苏州工业园区・独墅湖,31.25,120.73
苏州・苏州工业园区・湖东,31.31,120.73
苏州・吴中区・独墅湖,31.25,120.71
苏州・苏州工业园区・独墅湖,31.25,120.73
苏州・昆山市・昆山,31.39,120.98
苏州,31.30,120.59
苏州・太仓市・太仓,31.46,121.12
苏州・吴中区・越溪,31.21,120.58
苏州・苏州工业园区・联丰广场,31.31,120.66
苏州・常熟市・常熟,31.66,120.75
苏州・苏州工业园区・湖东,31.31,120.73
苏州・苏州工业园区・湖东,31.31,120.73
苏州・昆山市・玉山,31.39,120.95
苏州・吴中区・独墅湖,31.25,120.71
苏州,31.30,120.59
苏州・吴中区・胥口,31.24,120.48
苏州・虎丘区・狮山,31.30,120.55
苏州・苏州工业园区・湖东,31.31,120.73
苏州・昆山市・安亭,31.30,121.15
苏州・苏州工业园区・独墅湖,31.25,120.73
苏州・苏州工业园区・独墅湖,31.25,120.73
苏州・虎丘区・狮山,31.30,120.55
苏州・苏州工业园区・斜塘,31.29,120.74
苏州・苏州工业园区・独墅湖,31.25,120.73
苏州,31.30,120.59
苏州・昆山市・玉山,31.39,120.95
苏州・昆山市・开发区,31.39,121.04
苏州・苏州工业园区・独墅湖,31.25,120.73
苏州・姑苏区・南门,31.29,120.62
苏州・苏州工业园区・跨塘,31.34,120.69
地址,39.99,116.35
苏州・虎丘区・木渎东区,31.33,120.66
苏州・苏州工业园区・独墅湖,31.25,120.73
苏州,31.30,120.59
苏州・苏州工业园区・娄葑,31.34,120.66
苏州・苏州工业园区・湖东,31.31,120.73
苏州・苏州工业园区・湖东,31.31,120.73
苏州・苏州工业园区・独墅湖,31.25,120.73
苏州・常熟市・东南开发区,31.74,120.99
苏州・苏州工业园区・湖东,31.31,120.73
苏州・虎丘区・高新区,31.33,120.43
苏州・苏州工业园区・独墅湖,31.25,120.73
苏州・苏州工业园区・独墅湖,31.25,120.73
苏州・常熟市・支塘镇,31.61,120.96
苏州・常熟市・东南开发区,31.74,120.99
苏州・苏州工业园区・车坊,31.25,120.75
苏州・吴中区・独墅湖,31.25,120.71
苏州・苏州工业园区・独墅湖,31.25,120.73
苏州・昆山市・玉山,31.39,120.95
苏州・苏州工业园区・独墅湖,31.25,120.73
苏州・苏州工业园区・东沙湖,31.33,120.76
苏州・相城区・元和,31.37,120.63
苏州・苏州工业园区・独墅湖,31.25,120.73
苏州・虎丘区・科技城,31.34,120.42
苏州・吴中区・苏苑,31.27,120.63
苏州,31.30,120.59
苏州・吴中区・越溪,31.21,120.58
苏州,31.30,120.59
苏州・张家港市・杨舍镇,31.86,120.52
苏州・相城区・蠡口家具城,31.39,120.63
苏州・姑苏区・三香路沿线,31.30,120.59
苏州・相城区・陆慕,31.37,120.62
苏州・虎丘区・科技城,31.34,120.42
苏州・相城区・开发区,31.40,120.66
苏州・苏州工业园区・苏州中心商场,31.32,120.68
苏州・苏州工业园区・独墅湖,31.25,120.73
苏州・虎丘区・狮山,31.30,120.55
苏州・昆山市・花桥,31.30,121.11
苏州・太仓市・太仓,31.46,121.12
苏州・吴中区,31.26,120.63
苏州・张家港市・杨舍镇,31.86,120.52
苏州・苏州工业园区・白塘,31.33,120.74
苏州・苏州工业园区・独墅湖,31.25,120.73
苏州・吴中区・木渎,31.25,120.52
苏州・相城区・蠡口家具城,31.39,120.63
苏州・苏州工业园区・独墅湖,31.25,120.73
苏州・相城区・元和,31.37,120.63
苏州・苏州工业园区・独墅湖,31.25,120.73
苏州・张家港市・杨舍镇,31.86,120.52
苏州・昆山市・世茂,31.38,121.05
苏州・昆山市・玉山,31.39,120.95
苏州・苏州工业园区・苏州中心商场,31.32,120.68
苏州・苏州工业园区・独墅湖,31.25,120.73
苏州・虎丘区・木渎,31.28,120.55
苏州・苏州工业园区・湖东,31.31,120.73
苏州・苏州工业园区・独墅湖,31.25,120.73
苏州・苏州工业园区・玲珑,31.34,120.71
苏州・苏州工业园区・月亮湾,31.26,120.73
苏州・苏州工业园区・车坊,31.25,120.75
苏州・虎丘区・狮山,31.30,120.55
苏州・吴中区・车坊,31.24,120.78
苏州・吴中区・独墅湖,31.25,120.71
苏州・虎丘区・狮山,31.30,120.55
苏州・苏州工业园区・湖东,31.31,120.73
苏州・吴中区・城南,31.25,120.63
苏州・苏州工业园区・独墅湖,31.25,120.73
苏州・吴中区・横泾,31.18,120.54
苏州・相城区・元和,31.37,120.63
苏州・昆山市・玉山,31.39,120.95
苏州・昆山市・玉山,31.39,120.95
苏州・虎丘区・科技城,31.34,120.42
苏州・昆山市・玉山,31.39,120.95
苏州・相城区・元和,31.37,120.63
苏州・苏州工业园区・独墅湖,31.25,120.73
苏州・昆山市・玉山,31.39,120.95
苏州・苏州工业园区・湖东,31.31,120.73
苏州・吴中区・东山,31.08,120.39
苏州・虎丘区,31.33,120.43
苏州・苏州工业园区・独墅湖,31.25,120.73
苏州・苏州工业园区・湖东,31.31,120.73
苏州・虎丘区・科技城,31.34,120.42
苏州・苏州工业园区・青剑湖,31.38,120.72
苏州・相城区・元和,31.37,120.63
苏州・昆山市・玉山,31.39,120.95
苏州・张家港市・杨舍镇,31.86,120.52
苏州・虎丘区・木渎,31.27,120.55
苏州・昆山市・世茂,31.38,121.05
苏州・苏州工业园区・车坊,31.25,120.75
苏州・苏州工业园区・湖东,31.31,120.73
苏州・昆山市・玉山,31.39,120.95
苏州・苏州工业园区・车坊,31.25,120.75
苏州・苏州工业园区・东沙湖,31.33,120.76
苏州・苏州工业园区・东沙湖,31.33,120.76
苏州・苏州工业园区・独墅湖,31.25,120.73
苏州・昆山市・玉山,31.39,120.95
苏州・常熟市・高新技术产业园,31.72,120.71
苏州・吴中区・苏苑,31.27,120.63
苏州・苏州工业园区・娄葑,31.34,120.66
苏州・苏州工业园区・湖东,31.31,120.73
苏州・苏州工业园区・独墅湖,31.25,120.73
苏州・吴中区・木渎,31.25,120.52
苏州・苏州工业园区・独墅湖,31.25,120.73
苏州・姑苏区・虎丘,31.33,120.58
苏州・苏州工业园区・湖东,31.31,120.73
苏州・虎丘区・枫桥地区,31.31,120.56
苏州・昆山市・花桥,31.30,121.11
苏州・苏州工业园区・跨塘,31.34,120.69
苏州・吴中区・越溪,31.21,120.58
苏州・苏州工业园区・独墅湖,31.25,120.73
苏州・姑苏区・三香路沿线,31.30,120.59
苏州・苏州工业园区・独墅湖,31.25,120.73
苏州・虎丘区・塔园路,31.30,120.56
苏州・苏州工业园区・独墅湖,31.25,120.73
苏州・苏州工业园区・独墅湖,31.25,120.73
苏州・昆山市・玉山,31.39,120.95
苏州・相城区・元和,31.37,120.63
苏州・苏州工业园区・独墅湖,31.25,120.73
苏州・吴中区・越溪,31.21,120.58
苏州・苏州工业园区・湖东,31.31,120.73
苏州・虎丘区・木渎,31.28,120.55
苏州・昆山市・世茂,31.38,121.05
苏州,31.30,120.59
苏州・吴中区・城南,31.25,120.63
苏州・吴江区・松陵,31.16,120.65
苏州・苏州工业园区・湖东,31.31,120.73
苏州・苏州工业园区・独墅湖,31.25,120.73
苏州・苏州工业园区・车坊,31.25,120.75
苏州・吴江区・盛泽,30.90,120.65
苏州・苏州工业园区・独墅湖,31.25,120.73
苏州・虎丘区・玉山路,31.28,120.55
苏州・苏州工业园区・湖东,31.31,120.73
苏州・虎丘区・木渎,31.28,120.55
苏州・姑苏区・万达广场,31.34,120.61
苏州・苏州工业园区・独墅湖,31.25,120.73
苏州・姑苏区・南门,31.29,120.62
苏州・苏州工业园区・娄葑,31.34,120.66
苏州・吴江区・松陵,31.16,120.65
苏州・苏州工业园区・青剑湖,31.38,120.72
苏州・苏州工业园区・湖东,31.31,120.73
苏州・虎丘区・木渎,31.28,120.55
苏州,31.30,120.59
苏州・虎丘区・横塘,31.27,120.58
苏州・苏州工业园区・车坊,31.25,120.75
苏州・虎丘区・长江湾广场,31.34,120.54
苏州・吴中区・越溪,31.21,120.58
苏州・吴中区・城南,31.25,120.63
苏州・苏州工业园区・湖东,31.31,120.73
苏州・虎丘区・塔园路,31.30,120.56
苏州・姑苏区・留园,31.32,120.59
苏州・苏州工业园区・青剑湖,31.38,120.72
苏州・昆山市・北门路,31.41,120.95
苏州・常熟市・东南开发区,31.74,120.99
苏州・相城区・元和,31.37,120.63
苏州・吴江区・太湖新城（吴江）,31.09,120.60
苏州・苏州工业园区・独墅湖,31.25,120.73
苏州・苏州工业园区・玲珑,31.34,120.71
苏州・虎丘区・木渎,31.28,120.55
苏州・苏州工业园区・独墅湖,31.25,120.73
苏州・吴中区・城南,31.25,120.63
苏州・虎丘区・浒墅关,31.38,120.51
苏州・苏州工业园区・唯亭,31.35,120.68
苏州・常熟市・东南开发区,31.74,120.99
苏州・相城区・元和,31.37,120.63
苏州・虎丘区・木渎,31.28,120.55
苏州・相城区・元和,31.37,120.63
苏州・张家港市・杨舍镇,31.86,120.52
苏州・吴中区・郭巷,31.25,120.67
苏州,31.30,120.59
苏州・苏州工业园区・独墅湖,31.25,120.73
苏州・昆山市・花桥,31.30,121.11
苏州・苏州工业园区・湖东,31.31,120.73
苏州・吴中区・越溪,31.21,120.58
苏州・虎丘区・科技城,31.34,120.42
苏州・苏州工业园区・独墅湖,31.25,120.73
苏州・虎丘区・木渎,31.28,120.55
苏州・苏州工业园区・独墅湖,31.25,120.73
苏州・昆山市・玉山,31.39,120.95
苏州・昆山市・玉山,31.39,120.95
苏州・相城区・渭塘,31.47,120.66
苏州・昆山市・玉山,31.39,120.95
苏州・吴中区・越溪,31.21,120.58
苏州・吴中区・木渎,31.25,120.52
苏州・相城区・元和,31.37,120.63
苏州・昆山市・玉山,31.39,120.95
苏州・虎丘区・狮山,31.30,120.55
苏州・苏州工业园区・独墅湖,31.25,120.73
苏州・虎丘区・木渎,31.28,120.55
苏州・昆山市・玉山,31.39,120.95
苏州,31.30,120.59
苏州,31.30,120.59
苏州,31.30,120.59
苏州・苏州工业园区・娄葑,31.34,120.66
苏州・昆山市・玉山,31.39,120.95
苏州・苏州工业园区・独墅湖,31.25,120.73
苏州・苏州工业园区・苏州中心商场,31.32,120.68
苏州・苏州工业园区・青剑湖,31.38,120.72
苏州・苏州工业园区・独墅湖,31.25,120.73
苏州・虎丘区・苏州乐园,31.32,120.48
苏州・苏州工业园区・湖东,31.31,120.73
苏州・吴中区・东环,31.27,120.65
苏州・吴江区・松陵,31.16,120.65
苏州・相城区・蠡口家具城,31.39,120.63
苏州・张家港市・杨舍镇,31.86,120.52
苏州・苏州工业园区・车坊,31.25,120.75
苏州・吴中区・郭巷,31.25,120.67
苏州・昆山市・玉山,31.39,120.95
苏州・苏州工业园区・独墅湖,31.25,120.73
苏州・吴中区・独墅湖,31.25,120.71
苏州・苏州工业园区・独墅湖,31.25,120.73
苏州・吴江区・松陵,31.16,120.65
苏州・苏州工业园区・独墅湖,31.25,120.73
苏州・苏州工业园区・湖东,31.31,120.73
苏州・吴中区・独墅湖,31.25,120.71
苏州・苏州工业园区・独墅湖,31.25,120.73
苏州・昆山市・昆山,31.39,120.98
苏州,31.30,120.59
苏州・太仓市・太仓,31.46,121.12
苏州・吴中区・越溪,31.21,120.58
苏州・苏州工业园区・联丰广场,31.31,120.66
苏州・常熟市・常熟,31.66,120.75
苏州・苏州工业园区・湖东,31.31,120.73
苏州・苏州工业园区・湖东,31.31,120.73
苏州・昆山市・玉山,31.39,120.95
苏州・吴中区・独墅湖,31.25,120.71
苏州,31.30,120.59
苏州・吴中区・胥口,31.24,120.48
苏州・虎丘区・狮山,31.30,120.55
苏州・苏州工业园区・湖东,31.31,120.73
苏州・昆山市・安亭,31.30,121.15
苏州・苏州工业园区・独墅湖,31.25,120.73
苏州・苏州工业园区・独墅湖,31.25,120.73
苏州・虎丘区・狮山,31.30,120.55
苏州・苏州工业园区・斜塘,31.29,120.74
苏州・苏州工业园区・独墅湖,31.25,120.73
苏州,31.30,120.59
苏州・昆山市・玉山,31.39,120.95
苏州・昆山市・开发区,31.39,121.04
苏州・苏州工业园区・独墅湖,31.25,120.73
苏州・姑苏区・南门,31.29,120.62
苏州・苏州工业园区・跨塘,31.34,120.69
武汉・江夏区・光谷东,30.48,114.44
武汉・江夏区・藏龙岛,30.43,114.41
武汉,30.59,114.30
武汉・洪山区・花山,30.55,114.52
武汉・洪山区・光谷,30.50,114.41
武汉・洪山区・鲁巷,30.50,114.40
武汉・洪山区・花山,30.55,114.52
武汉・洪山区・光谷,30.50,114.41
武汉・洪山区・鲁巷,30.50,114.40
武汉・江夏区・光谷,30.42,114.47
武汉・江夏区・流芳,30.45,114.44
武汉・江汉区・常青,30.62,114.25
武汉・洪山区・街道口,30.53,114.35
武汉・江夏区・光谷东,30.48,114.44
武汉・武昌区・街道口,30.53,114.35
武汉・洪山区・光谷,30.50,114.41
武汉・江夏区・庙山,30.41,114.37
武汉・洪山区・珞狮南路,30.48,114.34
武汉・江夏区・光谷东,30.48,114.44
武汉・洪山区・徐东大街,30.58,114.37
武汉・洪山区・光谷,30.50,114.41
武汉・江夏区・光谷,30.42,114.47
武汉・武昌区・徐家棚,30.59,114.33
武汉・洪山区・光谷,30.50,114.41
武汉・江岸区・后湖,30.64,114.29
武汉・江岸区・建设大道,30.62,114.30
武汉・洪山区・光谷,30.50,114.41
武汉・洪山区・白沙洲,30.49,114.25
武汉・洪山区・光谷,30.50,114.41
武汉・江夏区・光谷,30.42,114.47
武汉・洪山区・光谷,30.50,114.41
武汉・江夏区・光谷,30.42,114.47
武汉,30.59,114.30
武汉・武昌区・水果湖,30.55,114.35
武汉・东西湖区・吴家山,30.62,114.14
武汉・江汉区・新华路,30.61,114.27
武汉・江夏区・光谷,30.42,114.47
武汉・青山区・建二,30.62,114.38
武汉・江夏区・光谷,30.42,114.47
武汉・洪山区・鲁巷,30.50,114.40
武汉・洪山区・鲁巷,30.50,114.40
武汉・江夏区・光谷,30.42,114.47
武汉・江夏区・光谷,30.42,114.47
武汉・洪山区・光谷,30.50,114.41
武汉・江夏区・藏龙岛,30.43,114.41
武汉・洪山区・光谷,30.50,114.41
武汉・洪山区・光谷,30.50,114.41
武汉・洪山区・珞狮南路,30.48,114.34
武汉・江夏区・光谷,30.42,114.47
武汉・洪山区・光谷,30.50,114.41
武汉・汉阳区・鹦鹉大道,30.53,114.26
武汉・洪山区・鲁巷,30.50,114.40
武汉・洪山区・光谷,30.50,114.41
武汉・武昌区・积玉桥,30.56,114.31
武汉・武昌区・积玉桥,30.56,114.31
武汉・江夏区・光谷东,30.48,114.44
武汉・江夏区・关山,30.47,114.53
武汉・江夏区・光谷,30.42,114.47
武汉・洪山区・街道口,30.53,114.35
武汉・洪山区・石牌岭,30.52,114.34
武汉・江汉区・建设大道,30.59,114.27
武汉・江夏区・藏龙岛,30.43,114.41
武汉・汉阳区・四新,30.54,114.19
武汉・江夏区・光谷东,30.48,114.44
武汉・洪山区・光谷,30.50,114.41
武汉・洪山区・光谷,30.50,114.41
武汉・江汉区・常青,30.62,114.25
武汉・蔡甸区・江汉大学,30.52,114.16
武汉・洪山区・光谷,30.50,114.41
武汉,30.59,114.30
武汉・洪山区・光谷,30.50,114.41
武汉・江夏区・藏龙岛,30.43,114.41
武汉・洪山区・光谷,30.50,114.41
武汉・江汉区・新华路,30.61,114.27
武汉・江夏区・光谷,30.42,114.47
武汉・洪山区・黄家湖大学城,30.45,114.27
武汉・洪山区・光谷,30.50,114.41
武汉・江夏区・光谷,30.42,114.47
武汉・洪山区・街道口,30.53,114.35
武汉・蔡甸区・蔡甸城区,30.57,114.05
武汉・江夏区・关山,30.47,114.53
武汉・洪山区・关山,30.50,114.41
武汉・江汉区・常青,30.62,114.25
武汉・武昌区・汉街,30.55,114.34
武汉・武昌区・水果湖,30.55,114.35
武汉・洪山区・虎泉,30.51,114.37
武汉・洪山区・光谷,30.50,114.41
武汉・武昌区・武昌火车站,30.53,114.32
武汉・武昌区・徐东大街,30.59,114.35
武汉・江岸区・百步亭,30.64,114.33
武汉・武昌区・汉街,30.55,114.34
武汉・江汉区・江汉路,30.58,114.29
武汉・武昌区・中南路,30.54,114.33
武汉・汉阳区・钟家村,30.55,114.27
武汉・江夏区・光谷东,30.48,114.44
武汉・洪山区・珞狮南路,30.48,114.34
武汉・洪山区・光谷,30.50,114.41
武汉・江夏区・光谷,30.42,114.47
武汉・江夏区・光谷,30.42,114.47
武汉・洪山区・光谷,30.50,114.41
武汉・江夏区・光谷东,30.48,114.44
武汉・洪山区・南湖,30.49,114.36
武汉・洪山区・光谷,30.50,114.41
武汉・洪山区・南湖,30.49,114.36
武汉・武昌区・东亭,30.57,114.36
武汉・武昌区・大东门,30.54,114.32
武汉・洪山区・光谷,30.50,114.41
武汉・江夏区・光谷,30.42,114.47
武汉・洪山区・南湖,30.49,114.36
武汉・汉阳区・钟家村,30.55,114.27
武汉・洪山区・光谷,30.50,114.41
武汉・洪山区・街道口,30.53,114.35
武汉・东西湖区・金银湖,30.64,114.20
武汉・江夏区・关山,30.47,114.53
武汉・蔡甸区・沌口,30.48,114.17
武汉・江夏区・光谷,30.42,114.47
武汉・江夏区・光谷,30.42,114.47
武汉・武昌区・水果湖,30.55,114.35
武汉・洪山区・光谷,30.50,114.41
武汉・武昌区・首义,30.53,114.31
武汉・洪山区・光谷,30.50,114.41
武汉・江夏区・光谷,30.42,114.47
武汉・江岸区・建设大道,30.62,114.30
武汉・江汉区・武商广场,30.58,114.27
武汉・洪山区・光谷,30.50,114.41
武汉・洪山区・光谷,30.50,114.41
武汉・江夏区・光谷东,30.48,114.44
武汉・洪山区・关山,30.50,114.41
武汉・江夏区・光谷,30.42,114.47
武汉・武昌区・水果湖,30.55,114.35
武汉・江岸区・花桥,30.62,114.28
武汉・青山区・建二,30.62,114.38
武汉・江夏区・纸坊,30.34,114.30
武汉・洪山区・文化大道,30.44,114.32
武汉・洪山区・岳家嘴,30.58,114.36
武汉・武昌区・水果湖,30.55,114.35
武汉・~口区・武胜路,30.57,114.27
武汉・~口区・古田,30.60,114.20
武汉・江夏区・光谷东,30.48,114.44
武汉・江夏区・光谷,30.42,114.47
武汉,30.59,114.30
武汉・洪山区・光谷,30.50,114.41
武汉・武昌区・积玉桥,30.56,114.31
武汉・江汉区・汉正街,30.57,114.28
武汉・洪山区・鲁巷,30.50,114.40
武汉・江岸区・永清,30.61,114.31
武汉・江汉区・唐家墩,30.61,114.28
武汉・武昌区・友谊大道,30.58,114.34
武汉・江夏区・光谷,30.42,114.47
武汉,30.59,114.30
武汉・江夏区・光谷,30.42,114.47
武汉・江夏区・光谷,30.42,114.47
武汉・江夏区・光谷,30.42,114.47
武汉・洪山区・街道口,30.53,114.35
武汉・江夏区・光谷,30.42,114.47
武汉・江夏区・光谷,30.42,114.47
武汉・洪山区・光谷,30.50,114.41
武汉・武昌区・徐东大街,30.59,114.35
武汉・江夏区・光谷,30.42,114.47
武汉・黄陂区,30.88,114.38
武汉・武昌区・徐东大街,30.59,114.35
武汉・江汉区・常青,30.62,114.25
武汉・洪山区・光谷,30.50,114.41
武汉・武昌区・沙湖,30.57,114.33
武汉・江夏区・光谷,30.42,114.47
武汉・江汉区・常青,30.62,114.25
武汉・江夏区・光谷,30.42,114.47
武汉・洪山区・徐东大街,30.58,114.37
武汉・武昌区・水果湖,30.55,114.35
武汉・洪山区・光谷,30.50,114.41
武汉・江夏区・光谷,30.42,114.47
武汉・洪山区・光谷,30.50,114.41
武汉・武昌区・汉街,30.55,114.34
武汉・江夏区・光谷,30.42,114.47
武汉,30.59,114.30
武汉・汉阳区・王家湾,30.56,114.21
武汉・武昌区・中南路,30.54,114.33
武汉・江岸区・建设大道,30.62,114.30
武汉・武昌区・积玉桥,30.56,114.31
武汉・洪山区・鲁巷,30.50,114.40
地址,39.99,116.35
苏州・虎丘区・木渎东区,31.33,120.66
苏州・苏州工业园区・独墅湖,31.25,120.73
苏州,31.30,120.59
苏州・苏州工业园区・娄葑,31.34,120.66
苏州・苏州工业园区・湖东,31.31,120.73
苏州・苏州工业园区・湖东,31.31,120.73
苏州・苏州工业园区・独墅湖,31.25,120.73
苏州・常熟市・东南开发区,31.74,120.99
苏州・苏州工业园区・湖东,31.31,120.73
苏州・虎丘区・高新区,31.33,120.43
苏州・苏州工业园区・独墅湖,31.25,120.73
苏州・苏州工业园区・独墅湖,31.25,120.73
苏州・常熟市・支塘镇,31.61,120.96
苏州・常熟市・东南开发区,31.74,120.99
苏州・苏州工业园区・车坊,31.25,120.75
苏州・吴中区・独墅湖,31.25,120.71
苏州・苏州工业园区・独墅湖,31.25,120.73
苏州・昆山市・玉山,31.39,120.95
苏州・苏州工业园区・独墅湖,31.25,120.73
苏州・苏州工业园区・东沙湖,31.33,120.76
苏州・相城区・元和,31.37,120.63
苏州・苏州工业园区・独墅湖,31.25,120.73
苏州・虎丘区・科技城,31.34,120.42
苏州・吴中区・苏苑,31.27,120.63
苏州,31.30,120.59
苏州・吴中区・越溪,31.21,120.58
苏州,31.30,120.59
苏州・张家港市・杨舍镇,31.86,120.52
苏州・相城区・蠡口家具城,31.39,120.63
苏州・姑苏区・三香路沿线,31.30,120.59
苏州・相城区・陆慕,31.37,120.62
苏州・虎丘区・科技城,31.34,120.42
苏州・相城区・开发区,31.40,120.66
苏州・苏州工业园区・苏州中心商场,31.32,120.68
苏州・苏州工业园区・独墅湖,31.25,120.73
苏州・虎丘区・狮山,31.30,120.55
苏州・昆山市・花桥,31.30,121.11
苏州・太仓市・太仓,31.46,121.12
苏州・吴中区,31.26,120.63
苏州・张家港市・杨舍镇,31.86,120.52
苏州・苏州工业园区・白塘,31.33,120.74
苏州・苏州工业园区・独墅湖,31.25,120.73
苏州・吴中区・木渎,31.25,120.52
苏州・相城区・蠡口家具城,31.39,120.63
苏州・苏州工业园区・独墅湖,31.25,120.73
苏州・相城区・元和,31.37,120.63
苏州・苏州工业园区・独墅湖,31.25,120.73
苏州・张家港市・杨舍镇,31.86,120.52
苏州・昆山市・世茂,31.38,121.05
苏州・昆山市・玉山,31.39,120.95
苏州・苏州工业园区・苏州中心商场,31.32,120.68
苏州・苏州工业园区・独墅湖,31.25,120.73
苏州・虎丘区・木渎,31.28,120.55
苏州・苏州工业园区・湖东,31.31,120.73
苏州・苏州工业园区・独墅湖,31.25,120.73
苏州・苏州工业园区・玲珑,31.34,120.71
苏州・苏州工业园区・月亮湾,31.26,120.73
苏州・苏州工业园区・车坊,31.25,120.75
苏州・虎丘区・狮山,31.30,120.55
苏州・吴中区・车坊,31.24,120.78
苏州・吴中区・独墅湖,31.25,120.71
苏州・虎丘区・狮山,31.30,120.55
苏州・苏州工业园区・湖东,31.31,120.73
苏州・吴中区・城南,31.25,120.63
苏州・苏州工业园区・独墅湖,31.25,120.73
苏州・吴中区・横泾,31.18,120.54
苏州・相城区・元和,31.37,120.63
苏州・昆山市・玉山,31.39,120.95
苏州・昆山市・玉山,31.39,120.95
苏州・虎丘区・科技城,31.34,120.42
苏州・昆山市・玉山,31.39,120.95
苏州・相城区・元和,31.37,120.63
苏州・苏州工业园区・独墅湖,31.25,120.73
苏州・昆山市・玉山,31.39,120.95
苏州・苏州工业园区・湖东,31.31,120.73
苏州・吴中区・东山,31.08,120.39
苏州・虎丘区,31.33,120.43
苏州・苏州工业园区・独墅湖,31.25,120.73
苏州・苏州工业园区・湖东,31.31,120.73
苏州・虎丘区・科技城,31.34,120.42
苏州・苏州工业园区・青剑湖,31.38,120.72
苏州・相城区・元和,31.37,120.63
苏州・昆山市・玉山,31.39,120.95
苏州・张家港市・杨舍镇,31.86,120.52
苏州・虎丘区・木渎,31.28,120.55
苏州・昆山市・世茂,31.38,121.05
苏州・苏州工业园区・车坊,31.25,120.75
苏州・苏州工业园区・湖东,31.31,120.73
苏州・昆山市・玉山,31.39,120.95
苏州・苏州工业园区・车坊,31.25,120.75
苏州・苏州工业园区・东沙湖,31.33,120.76
苏州・苏州工业园区・东沙湖,31.33,120.76
苏州・苏州工业园区・独墅湖,31.25,120.73
苏州・昆山市・玉山,31.39,120.95
苏州・常熟市・高新技术产业园,31.72,120.71
苏州・昆山市・花桥,31.30,121.11
苏州・吴中区・苏苑,31.27,120.63
苏州・苏州工业园区・娄葑,31.34,120.66
苏州・苏州工业园区・湖东,31.31,120.73
苏州・苏州工业园区・独墅湖,31.25,120.73
苏州・吴中区・木渎,31.25,120.52
苏州・苏州工业园区・独墅湖,31.25,120.73
苏州・姑苏区・虎丘,31.33,120.58
苏州・苏州工业园区・湖东,31.31,120.73
苏州・虎丘区・枫桥地区,31.31,120.56
苏州・昆山市・花桥,31.30,121.11
苏州・苏州工业园区・跨塘,31.34,120.69
苏州・吴中区・越溪,31.21,120.58
苏州・苏州工业园区・独墅湖,31.25,120.73
苏州・姑苏区・三香路沿线,31.30,120.59
苏州・苏州工业园区・独墅湖,31.25,120.73
苏州・虎丘区・塔园路,31.30,120.56
苏州・苏州工业园区・独墅湖,31.25,120.73
苏州・苏州工业园区・独墅湖,31.25,120.73
苏州・昆山市・玉山,31.39,120.95
苏州・相城区・元和,31.37,120.63
苏州・苏州工业园区・独墅湖,31.25,120.73
苏州・吴中区・越溪,31.21,120.58
苏州・苏州工业园区・湖东,31.31,120.73
苏州・虎丘区・木渎,31.28,120.55
苏州・昆山市・世茂,31.38,121.05
苏州,31.30,120.59
苏州・吴中区・城南,31.25,120.63
苏州・吴江区・松陵,31.16,120.65
苏州・苏州工业园区・湖东,31.31,120.73
苏州・苏州工业园区・独墅湖,31.25,120.73
苏州・苏州工业园区・车坊,31.25,120.75
苏州・吴江区・盛泽,30.90,120.65
苏州・苏州工业园区・独墅湖,31.25,120.73
苏州・虎丘区・玉山路,31.28,120.55
苏州・苏州工业园区・湖东,31.31,120.73
苏州・虎丘区・木渎,31.28,120.55
苏州・姑苏区・万达广场,31.34,120.61
苏州・苏州工业园区・独墅湖,31.25,120.73
苏州・姑苏区・南门,31.29,120.62
苏州・苏州工业园区・娄葑,31.34,120.66
苏州・吴江区・松陵,31.16,120.65
苏州・苏州工业园区・青剑湖,31.38,120.72
苏州・苏州工业园区・湖东,31.31,120.73
苏州・虎丘区・木渎,31.28,120.55
苏州,31.30,120.59
苏州・虎丘区・横塘,31.27,120.58
苏州・苏州工业园区・车坊,31.25,120.75
苏州・虎丘区・长江湾广场,31.34,120.54
苏州・吴中区・越溪,31.21,120.58
苏州・吴中区・城南,31.25,120.63
苏州・苏州工业园区・湖东,31.31,120.73
苏州・虎丘区・塔园路,31.30,120.56
苏州・姑苏区・留园,31.32,120.59
苏州・苏州工业园区・青剑湖,31.38,120.72
苏州・昆山市・北门路,31.41,120.95
苏州・常熟市・东南开发区,31.74,120.99
苏州・相城区・元和,31.37,120.63
苏州・吴江区・太湖新城（吴江）,31.09,120.60
苏州・苏州工业园区・独墅湖,31.25,120.73
苏州・苏州工业园区・玲珑,31.34,120.71
苏州・虎丘区・木渎,31.28,120.55
苏州・苏州工业园区・独墅湖,31.25,120.73
苏州・吴中区・城南,31.25,120.63
苏州・虎丘区・浒墅关,31.38,120.51
苏州・苏州工业园区・唯亭,31.35,120.68
苏州・常熟市・东南开发区,31.74,120.99
苏州・相城区・元和,31.37,120.63
苏州・虎丘区・木渎,31.28,120.55
苏州・相城区・元和,31.37,120.63
苏州・张家港市・杨舍镇,31.86,120.52
苏州・吴中区・郭巷,31.25,120.67
苏州,31.30,120.59
苏州・苏州工业园区・独墅湖,31.25,120.73
苏州・昆山市・花桥,31.30,121.11
苏州・苏州工业园区・湖东,31.31,120.73
苏州・吴中区・越溪,31.21,120.58
苏州・虎丘区・科技城,31.34,120.42
苏州・苏州工业园区・独墅湖,31.25,120.73
苏州・虎丘区・木渎,31.28,120.55
苏州・苏州工业园区・独墅湖,31.25,120.73
苏州・昆山市・玉山,31.39,120.95
苏州・昆山市・玉山,31.39,120.95
苏州・相城区・渭塘,31.47,120.66
苏州・昆山市・玉山,31.39,120.95
苏州・吴中区・越溪,31.21,120.58
苏州・吴中区・木渎,31.25,120.52
苏州・相城区・元和,31.37,120.63
苏州・昆山市・玉山,31.39,120.95
苏州・虎丘区・狮山,31.30,120.55
苏州・苏州工业园区・独墅湖,31.25,120.73
苏州・虎丘区・木渎,31.28,120.55
苏州・昆山市・玉山,31.39,120.95
苏州,31.30,120.59
苏州,31.30,120.59
苏州,31.30,120.59
苏州・苏州工业园区・娄葑,31.34,120.66
苏州・昆山市・玉山,31.39,120.95
苏州・苏州工业园区・独墅湖,31.25,120.73
苏州・苏州工业园区・苏州中心商场,31.32,120.68
苏州・苏州工业园区・青剑湖,31.38,120.72
苏州・苏州工业园区・独墅湖,31.25,120.73
苏州・虎丘区・苏州乐园,31.32,120.48
苏州・苏州工业园区・湖东,31.31,120.73
苏州・吴中区・东环,31.27,120.65
苏州・吴江区・松陵,31.16,120.65
苏州・相城区・蠡口家具城,31.39,120.63
苏州・张家港市・杨舍镇,31.86,120.52
苏州・苏州工业园区・车坊,31.25,120.75
苏州・吴中区・郭巷,31.25,120.67
苏州・昆山市・玉山,31.39,120.95
苏州・苏州工业园区・独墅湖,31.25,120.73
苏州・吴中区・独墅湖,31.25,120.71
苏州・苏州工业园区・独墅湖,31.25,120.73
苏州・吴江区・松陵,31.16,120.65
苏州・苏州工业园区・独墅湖,31.25,120.73
苏州・苏州工业园区・湖东,31.31,120.73
苏州・吴中区・独墅湖,31.25,120.71
苏州・苏州工业园区・独墅湖,31.25,120.73
苏州・昆山市・昆山,31.39,120.98
苏州,31.30,120.59
苏州・太仓市・太仓,31.46,121.12
苏州・吴中区・越溪,31.21,120.58
苏州・苏州工业园区・联丰广场,31.31,120.66
苏州・常熟市・常熟,31.66,120.75
苏州・苏州工业园区・湖东,31.31,120.73
苏州・苏州工业园区・湖东,31.31,120.73
苏州・昆山市・玉山,31.39,120.95
苏州・吴中区・独墅湖,31.25,120.71
苏州,31.30,120.59
苏州・吴中区・胥口,31.24,120.48
苏州・虎丘区・狮山,31.30,120.55
苏州・苏州工业园区・湖东,31.31,120.73
苏州・昆山市・安亭,31.29,121.15
苏州・苏州工业园区・独墅湖,31.25,120.73
苏州・苏州工业园区・独墅湖,31.25,120.73
苏州・虎丘区・狮山,31.30,120.55
苏州・苏州工业园区・斜塘,31.29,120.74
苏州・苏州工业园区・独墅湖,31.25,120.73
苏州,31.30,120.59
苏州・昆山市・玉山,31.39,120.95
苏州・昆山市・开发区,31.39,121.04
苏州・苏州工业园区・独墅湖,31.25,120.73
苏州・姑苏区・南门,31.29,120.62
苏州・苏州工业园区・跨塘,31.34,120.69
武汉・江夏区・光谷东,30.48,114.44
武汉・江夏区・藏龙岛,30.43,114.41
武汉,30.59,114.30
武汉・洪山区・花山,30.55,114.52
武汉・洪山区・光谷,30.50,114.41
武汉・洪山区・鲁巷,30.50,114.40
武汉・洪山区・花山,30.55,114.52
武汉・洪山区・光谷,30.50,114.41
武汉・洪山区・鲁巷,30.50,114.40
武汉・江夏区・光谷,30.42,114.47
武汉・江夏区・流芳,30.45,114.44
武汉・江汉区・常青,30.62,114.25
武汉・洪山区・街道口,30.53,114.35
武汉・江夏区・光谷东,30.48,114.44
武汉・武昌区・街道口,30.53,114.35
武汉・洪山区・光谷,30.50,114.41
武汉・江夏区・庙山,30.41,114.37
武汉・洪山区・珞狮南路,30.48,114.34
武汉・江夏区・光谷东,30.48,114.44
武汉・洪山区・徐东大街,30.58,114.37
武汉・洪山区・光谷,30.50,114.41
武汉・江夏区・光谷,30.42,114.47
武汉・武昌区・徐家棚,30.59,114.33
武汉・洪山区・光谷,30.50,114.41
武汉・江岸区・后湖,30.64,114.29
武汉・江岸区・建设大道,30.62,114.30
武汉・洪山区・光谷,30.50,114.41
武汉・洪山区・白沙洲,30.49,114.25
武汉・洪山区・光谷,30.50,114.41
武汉・江夏区・光谷,30.42,114.47
武汉・洪山区・光谷,30.50,114.41
武汉・江夏区・光谷,30.42,114.47
武汉,30.59,114.30
武汉・武昌区・水果湖,30.55,114.35
武汉・东西湖区・吴家山,30.62,114.14
武汉・江汉区・新华路,30.61,114.27
武汉・江夏区・光谷,30.42,114.47
武汉・青山区・建二,30.62,114.38
武汉・江夏区・光谷,30.42,114.47
武汉・洪山区・鲁巷,30.50,114.40
武汉・洪山区・鲁巷,30.50,114.40
武汉・江夏区・光谷,30.42,114.47
武汉・江夏区・光谷,30.42,114.47
武汉・洪山区・光谷,30.50,114.41
武汉・江夏区・藏龙岛,30.43,114.41
武汉・洪山区・光谷,30.50,114.41
武汉・洪山区・光谷,30.50,114.41
武汉・洪山区・珞狮南路,30.48,114.34
武汉・江夏区・光谷,30.42,114.47
武汉・洪山区・光谷,30.50,114.41
武汉・汉阳区・鹦鹉大道,30.53,114.26
武汉・洪山区・鲁巷,30.50,114.40
武汉・洪山区・光谷,30.50,114.41
武汉・武昌区・积玉桥,30.56,114.31
武汉・武昌区・积玉桥,30.56,114.31
武汉・江夏区・光谷东,30.48,114.44
武汉・江夏区・关山,30.47,114.53
武汉・江夏区・光谷,30.42,114.47
武汉・洪山区・街道口,30.53,114.35
武汉・洪山区・石牌岭,30.52,114.34
武汉・江汉区・建设大道,30.59,114.27
武汉・江夏区・藏龙岛,30.43,114.41
武汉・汉阳区・四新,30.54,114.19
武汉・江夏区・光谷东,30.48,114.44
武汉・洪山区・光谷,30.50,114.41
武汉・洪山区・光谷,30.50,114.41
武汉・江汉区・常青,30.62,114.25
武汉・蔡甸区・江汉大学,30.52,114.16
武汉・洪山区・光谷,30.50,114.41
武汉,30.59,114.30
武汉・洪山区・光谷,30.50,114.41
武汉・江夏区・藏龙岛,30.43,114.41
武汉・洪山区・光谷,30.50,114.41
武汉・江汉区・新华路,30.61,114.27
武汉・江夏区・光谷,30.42,114.47
武汉・洪山区・黄家湖大学城,30.45,114.27
武汉・洪山区・光谷,30.50,114.41
武汉・江夏区・光谷,30.42,114.47
武汉・洪山区・街道口,30.53,114.35
武汉・蔡甸区・蔡甸城区,30.57,114.05
武汉・江夏区・关山,30.47,114.53
武汉・洪山区・关山,30.50,114.41
武汉・江汉区・常青,30.62,114.25
武汉・武昌区・汉街,30.55,114.34
武汉・武昌区・水果湖,30.55,114.35
武汉・洪山区・虎泉,30.51,114.37
武汉・洪山区・光谷,30.50,114.41
武汉・武昌区・武昌火车站,30.53,114.32
武汉・武昌区・徐东大街,30.59,114.35
武汉・江岸区・百步亭,30.64,114.33
武汉・武昌区・汉街,30.55,114.34
武汉・江汉区・江汉路,30.58,114.29
武汉・武昌区・中南路,30.54,114.33
武汉・汉阳区・钟家村,30.55,114.27
武汉・江夏区・光谷东,30.48,114.44
武汉・洪山区・珞狮南路,30.48,114.34
武汉・洪山区・光谷,30.50,114.41
武汉・江夏区・光谷,30.42,114.47
武汉・江夏区・光谷,30.42,114.47
武汉・洪山区・光谷,30.50,114.41
武汉・江夏区・光谷东,30.48,114.44
武汉・洪山区・南湖,30.49,114.36
武汉・洪山区・光谷,30.50,114.41
武汉・洪山区・南湖,30.49,114.36
武汉・武昌区・东亭,30.57,114.36
武汉・武昌区・大东门,30.54,114.32
武汉・洪山区・光谷,30.50,114.41
武汉・江夏区・光谷,30.42,114.47
武汉・洪山区・南湖,30.49,114.36
武汉・汉阳区・钟家村,30.55,114.27
武汉・洪山区・光谷,30.50,114.41
武汉・洪山区・街道口,30.53,114.35
武汉・东西湖区・金银湖,30.64,114.20
武汉・江夏区・关山,30.47,114.53
武汉・蔡甸区・沌口,30.48,114.17
武汉・江夏区・光谷,30.42,114.47
武汉・江夏区・光谷,30.42,114.47
武汉・武昌区・水果湖,30.55,114.35
武汉・洪山区・光谷,30.50,114.41
武汉・武昌区・首义,30.53,114.31
武汉・洪山区・光谷,30.50,114.41
武汉・江夏区・光谷,30.42,114.47
武汉・江岸区・建设大道,30.62,114.30
武汉・江汉区・武商广场,30.58,114.27
武汉・洪山区・光谷,30.50,114.41
武汉・洪山区・光谷,30.50,114.41
武汉・江夏区・光谷东,30.48,114.44
武汉・洪山区・关山,30.50,114.41
武汉・江夏区・光谷,30.42,114.47
武汉・武昌区・水果湖,30.55,114.35
武汉・江岸区・花桥,30.62,114.28
武汉・青山区・建二,30.62,114.38
武汉・江夏区・纸坊,30.34,114.30
武汉・洪山区・文化大道,30.44,114.32
武汉・洪山区・岳家嘴,30.58,114.36
武汉・武昌区・水果湖,30.55,114.35
武汉・~口区・武胜路,30.57,114.27
武汉・~口区・古田,30.60,114.20
武汉・江夏区・光谷东,30.48,114.44
武汉・江夏区・光谷,30.42,114.47
武汉,30.59,114.30
武汉・洪山区・光谷,30.50,114.41
武汉・武昌区・积玉桥,30.56,114.31
武汉・江汉区・汉正街,30.57,114.28
武汉・洪山区・鲁巷,30.50,114.40
武汉・江岸区・永清,30.61,114.31
武汉・江汉区・唐家墩,30.61,114.28
武汉・武昌区・友谊大道,30.58,114.34
武汉・江夏区・光谷,30.42,114.47
武汉,30.59,114.30
